blamed	-4.78	1.41
shady	-4.75	1.06
ugly	-4.69	1.27
disgusting	-4.60	1.34
evil	-4.28	1.09
sorts	-4.26	1.95
bad	-4.16	1.85
gays	-4.11	2.25
chemicals	-4.11	2.27
toxic	-4.10	2.21
kinds	-4.08	2.10
such	-4.07	1.99
tragedy	-3.96	1.93
presidents	-3.96	1.90
dirty	-3.93	1.29
lincoln	-3.87	2.40
ruining	-3.87	1.58
conditions	-3.86	2.15
muslim	-3.63	1.71
supported	-3.61	2.46
shame	-3.55	2.02
fought	-3.52	2.69
exposed	-3.51	2.32
rating	-3.42	2.59
disaster	-3.42	2.04
fdr	-3.38	1.90
socialists	-3.37	2.02
petty	-3.37	2.28
lowest	-3.35	2.87
hating	-3.34	2.27
jefferson	-3.34	2.63
unfortunate	-3.21	2.37
attacked	-3.16	2.62
muslims	-3.06	2.15
talked	-3.05	2.54
blaming	-3.03	1.85
highest	-3.03	3.21
3rd	-3.02	2.95
dislike	-3.02	2.21
various	-3.00	1.65
stood	-2.97	2.64
remember	-2.95	2.63
frankly	-2.94	2.79
those	-2.93	1.63
these	-2.92	1.62
arguably	-2.92	2.22
bigots	-2.87	2.15
asinine	-2.87	2.44
believed	-2.86	2.49
variety	-2.85	1.63
fault	-2.83	2.26
communist	-2.81	0.79
racist	-2.81	2.08
racists	-2.78	2.35
affairs	-2.74	3.13
record	-2.74	2.32
ironically	-2.71	2.08
certain	-2.71	1.62
similar	-2.68	1.59
kills	-2.67	2.68
nazi	-2.65	0.72
corrupt	-2.62	1.20
mongering	-2.60	2.32
tons	-2.58	1.17
belongs	-2.56	3.04
socialist	-2.55	0.91
countless	-2.55	1.52
atheists	-2.53	2.24
blame	-2.53	1.29
unethical	-2.52	1.52
called	-2.51	2.33
outrageous	-2.51	2.51
ridiculous	-2.47	3.08
bigotry	-2.47	2.49
criticize	-2.45	2.12
immoral	-2.45	1.47
scum	-2.42	1.15
depression	-2.42	2.28
offensive	-2.42	2.18
other	-2.41	1.64
hatred	-2.39	2.57
knows	-2.39	3.08
numerous	-2.37	1.68
unfair	-2.34	3.12
different	-2.32	1.59
absolute	-2.32	2.44
many	-2.30	1.54
history	-2.30	2.85
dictator	-2.28	0.76
hypocritical	-2.27	1.67
practices	-2.27	1.36
largest	-2.27	3.34
multiple	-2.27	1.52
bigoted	-2.27	1.37
plenty	-2.24	1.58
believes	-2.24	2.82
sees	-2.23	3.01
lots	-2.21	1.65
disagrees	-2.20	3.23
dozens	-2.20	1.43
annoying	-2.19	2.97
types	-2.17	1.58
including	-2.15	1.61
failure	-2.15	2.36
wwii	-2.12	0.89
nixon	-2.10	0.99
nazis	-2.09	0.90
hitler	-2.09	0.77
several	-2.09	1.42
dozen	-2.07	1.38
excuse	-2.06	2.24
crow	-2.05	1.22
wide	-2.04	1.46
hook	-2.03	1.09
questionable	-2.03	1.63
two	-2.00	1.39
responsible	-1.99	1.32
damned	-1.99	1.75
rage	-1.99	2.67
president	-1.97	0.90
fascist	-1.95	0.82
behavior	-1.94	1.40
low	-1.94	1.92
plain	-1.94	1.75
forth	-1.93	1.44
high	-1.92	1.90
lowered	-1.91	2.02
lower	-1.90	2.05
absurd	-1.89	2.85
slavery	-1.89	1.25
against	-1.89	1.26
higher	-1.88	2.05
carter	-1.88	0.94
sandy	-1.88	1.04
mess	-1.87	2.40
blacks	-1.87	1.30
approval	-1.87	1.18
traitor	-1.87	0.85
reagan	-1.87	0.94
radical	-1.86	1.03
anger	-1.85	2.68
choices	-1.84	2.35
slaves	-1.83	1.46
nation	-1.83	3.61
backwards	-1.83	1.64
greedy	-1.83	1.30
kennedy	-1.83	1.02
laughable	-1.82	3.20
destroying	-1.81	1.16
isis	-1.80	0.97
fear	-1.80	2.77
kind	-1.78	3.25
selfish	-1.78	1.46
track	-1.78	2.63
harmful	-1.78	1.32
lgbt	-1.78	1.37
biggest	-1.77	2.82
chemical	-1.77	1.37
japanese	-1.76	0.95
damaging	-1.74	1.09
hispanics	-1.73	1.27
exposure	-1.73	1.39
drag	-1.73	1.41
discrimination	-1.73	1.39
labeled	-1.73	1.04
waste	-1.72	1.50
pandering	-1.72	1.54
plot	-1.70	1.05
pathetic	-1.70	2.84
good	-1.70	2.47
slave	-1.70	1.14
civil	-1.69	1.33
idiotic	-1.69	2.47
camps	-1.69	1.06
both	-1.69	1.81
fallen	-1.69	1.83
foolish	-1.68	2.42
three	-1.67	1.38
ratings	-1.67	1.40
poison	-1.67	1.39
ruined	-1.66	1.30
terrorist	-1.66	1.00
untrue	-1.66	3.78
communism	-1.66	1.18
terrorism	-1.65	1.17
soviet	-1.65	0.81
absolutely	-1.64	2.60
circumstances	-1.64	1.62
its	-1.64	3.36
obvious	-1.62	2.88
listed	-1.62	1.75
extremist	-1.62	1.09
rates	-1.62	1.77
levels	-1.61	1.80
dropped	-1.60	1.73
destructive	-1.60	1.55
southern	-1.60	1.27
openly	-1.59	1.61
minorities	-1.59	1.21
irrational	-1.58	1.78
deals	-1.58	1.19
9/11	-1.57	1.16
disingenuous	-1.57	2.57
racial	-1.57	1.62
desperate	-1.57	3.12
extremists	-1.57	1.31
terrorists	-1.56	1.03
destroyed	-1.56	1.28
trivial	-1.56	1.88
leftist	-1.56	1.07
bush	-1.55	1.01
islamic	-1.54	1.04
dropping	-1.54	1.62
90	-1.53	1.73
utterly	-1.53	2.60
capitalist	-1.53	0.90
socialism	-1.53	1.26
ruin	-1.52	1.18
shitty	-1.52	2.40
equal	-1.52	1.49
scale	-1.52	1.26
pure	-1.51	1.39
sick	-1.51	3.24
caused	-1.51	1.06
collapse	-1.50	1.28
47	-1.50	1.04
dump	-1.50	1.42
pointless	-1.49	2.34
ranks	-1.49	2.55
unreasonable	-1.47	2.18
irresponsible	-1.47	1.85
vietnam	-1.47	1.04
rate	-1.47	1.81
ford	-1.47	0.84
fucked	-1.46	2.93
greed	-1.46	1.43
few	-1.45	1.30
engaged	-1.45	1.30
couple	-1.44	1.30
5th	-1.44	1.85
cynical	-1.44	3.10
faces	-1.44	1.16
dangerous	-1.44	1.58
event	-1.43	1.42
war	-1.43	1.20
authoritarian	-1.42	0.97
failures	-1.42	1.81
useless	-1.42	2.29
oppose	-1.41	1.82
same	-1.41	2.77
crisis	-1.41	1.28
conservatives	-1.41	1.57
specific	-1.40	1.70
silly	-1.39	3.32
below	-1.39	1.88
era	-1.38	1.21
par	-1.38	2.01
top	-1.37	2.01
meaningless	-1.37	2.36
nuts	-1.37	1.41
naive	-1.37	2.39
none	-1.37	2.28
regime	-1.37	0.78
impeached	-1.36	1.10
capita	-1.36	2.05
condition	-1.35	1.07
bottom	-1.35	2.00
ignorant	-1.35	2.02
assholes	-1.34	1.64
hurting	-1.34	1.56
four	-1.34	1.37
hits	-1.34	1.40
opposite	-1.33	4.10
level	-1.33	1.66
seven	-1.33	1.37
affecting	-1.33	1.44
five	-1.33	1.37
handful	-1.33	1.13
dishonest	-1.32	2.21
retarded	-1.32	2.87
wars	-1.32	1.18
presidency	-1.31	0.94
equality	-1.31	1.26
invaded	-1.31	1.05
six	-1.31	1.34
prevented	-1.31	1.70
accountable	-1.31	1.63
ludicrous	-1.31	2.77
contain	-1.30	1.33
spite	-1.30	1.69
discriminate	-1.29	1.40
ineffective	-1.29	2.29
ten	-1.29	1.34
century	-1.29	1.71
hundred	-1.29	1.25
sadly	-1.28	3.39
among	-1.28	1.96
supporters	-1.28	1.33
potus	-1.28	1.01
supports	-1.28	2.17
fool	-1.28	1.96
parties	-1.28	1.12
racism	-1.27	1.74
atheist	-1.27	1.40
decrease	-1.27	1.61
bunch	-1.27	1.56
guilt	-1.27	1.76
blanket	-1.27	2.36
drop	-1.27	1.62
river	-1.27	1.45
independence	-1.27	1.38
4th	-1.26	1.59
administration	-1.26	1.04
support	-1.26	2.08
negatively	-1.26	1.47
crash	-1.25	1.30
materials	-1.25	1.49
lives	-1.25	1.13
uneducated	-1.25	1.77
1st	-1.25	1.71
actions	-1.25	1.51
publicly	-1.24	1.48
deserves	-1.24	1.56
tolerance	-1.24	1.47
unjust	-1.24	1.95
doubled	-1.24	1.61
entire	-1.24	2.11
outrage	-1.24	1.80
exploit	-1.23	1.33
irrelevant	-1.23	2.84
saudi	-1.23	0.81
incompetent	-1.23	2.01
germany	-1.22	1.67
approve	-1.22	1.14
twenty	-1.22	1.43
pre-existing	-1.22	1.32
destroy	-1.22	1.30
decreased	-1.22	1.62
fourth	-1.22	1.57
morons	-1.22	1.68
minor	-1.21	1.32
gore	-1.21	1.09
suffering	-1.21	1.11
understands	-1.21	3.63
governors	-1.20	0.99
idiots	-1.20	1.75
events	-1.20	1.56
cuba	-1.20	0.87
worthless	-1.20	2.02
extreme	-1.20	1.37
illness	-1.20	1.11
happened	-1.20	2.62
water	-1.20	1.49
bully	-1.20	1.54
destruction	-1.20	0.99
liars	-1.20	1.72
fell	-1.19	1.49
increased	-1.19	1.60
pollution	-1.19	1.23
office	-1.19	1.06
driven	-1.19	1.65
blind	-1.19	1.68
incident	-1.19	1.33
shooter	-1.19	1.16
lowering	-1.18	1.58
represents	-1.18	2.37
stupid	-1.18	2.21
partisan	-1.18	1.66
executive	-1.18	1.19
throughout	-1.18	2.04
inefficient	-1.17	2.15
washington	-1.17	1.35
folk	-1.17	1.49
2	-1.17	1.28
childish	-1.16	2.24
capitalists	-1.16	1.05
sympathy	-1.16	1.62
fringe	-1.16	1.36
evils	-1.16	1.57
unknown	-1.16	1.50
knew	-1.15	2.12
eight	-1.15	1.43
division	-1.15	1.40
caps	-1.15	1.29
material	-1.15	1.53
reduced	-1.14	1.57
whole	-1.14	1.64
decreasing	-1.14	1.58
white	-1.14	1.36
type	-1.14	2.12
libertarians	-1.14	1.38
saddam	-1.13	1.02
terror	-1.13	1.14
concentration	-1.13	0.97
cares	-1.12	3.47
agrees	-1.12	3.71
increasing	-1.12	1.59
fascism	-1.12	1.54
involve	-1.12	1.87
across	-1.12	1.60
ridiculously	-1.12	2.54
vary	-1.12	1.74
misguided	-1.12	2.40
decides	-1.12	2.75
opposed	-1.11	1.77
reduction	-1.11	1.52
richest	-1.11	2.98
lesser	-1.11	1.53
unrelated	-1.11	2.00
passes	-1.11	1.79
ronald	-1.10	1.04
20th	-1.10	1.93
paint	-1.10	1.47
wants	-1.10	3.74
excessive	-1.10	1.69
secular	-1.10	1.18
proven	-1.10	4.24
increase	-1.10	1.57
admitting	-1.10	1.93
moderates	-1.10	1.40
objectively	-1.09	4.29
criticizing	-1.09	2.14
some	-1.09	2.68
marriage	-1.09	1.21
punish	-1.09	1.51
declined	-1.08	1.51
orders	-1.08	1.25
russia	-1.08	1.45
flat	-1.08	1.59
most	-1.07	3.85
damage	-1.07	1.17
founded	-1.07	1.41
passed	-1.07	1.30
series	-1.07	1.45
wingers	-1.07	1.37
percent	-1.07	1.49
finds	-1.07	2.56
sounds	-1.06	3.32
declare	-1.06	1.59
combined	-1.06	1.57
progressive	-1.06	1.17
2nd	-1.06	1.68
existed	-1.06	1.53
3	-1.06	1.27
beneficial	-1.05	1.52
obama	-1.05	1.11
fact	-1.05	4.56
equally	-1.05	2.46
flood	-1.05	1.15
tea	-1.05	1.24
incredibly	-1.04	2.55
minded	-1.04	1.88
insane	-1.04	2.46
favor	-1.04	1.60
reduce	-1.04	1.55
rising	-1.04	1.56
4	-1.04	1.27
5	-1.04	1.26
korea	-1.04	1.54
tactics	-1.03	1.31
spreading	-1.03	1.55
loses	-1.03	2.44
catastrophic	-1.03	1.21
influenced	-1.03	1.49
associated	-1.03	1.34
iraq	-1.03	0.93
voted	-1.03	1.46
90s	-1.03	1.27
electing	-1.02	1.30
conflicts	-1.02	1.33
johnson	-1.02	1.20
terribly	-1.02	2.55
extremely	-1.02	2.48
treatment	-1.02	1.23
battle	-1.02	1.20
inherently	-1.01	2.22
sound	-1.01	2.49
consequence	-1.01	1.47
rise	-1.01	1.52
increases	-1.01	1.57
tells	-1.01	2.70
empire	-1.01	1.56
likes	-1.01	3.74
thinks	-1.01	3.48
syria	-1.01	0.91
6	-1.01	1.27
shock	-1.01	1.84
picture	-1.00	1.64
relief	-1.00	1.27
responsibility	-1.00	1.56
centuries	-1.00	1.44
gulf	-1.00	1.10
costly	-1.00	2.10
sponsored	-0.99	1.27
same-sex	-0.99	1.23
30	-0.99	1.19
policies	-0.99	1.19
fighting	-0.99	1.49
lazy	-0.99	1.63
clean	-0.99	1.19
fails	-0.99	2.04
independents	-0.99	1.41
moot	-0.99	2.80
willfully	-0.98	2.58
arbitrary	-0.98	1.93
spectrum	-0.98	1.69
ton	-0.98	1.49
supporting	-0.98	1.88
nut	-0.98	1.51
deserve	-0.97	1.76
iran	-0.97	0.91
recorded	-0.97	1.35
pushed	-0.97	1.51
wing	-0.97	1.31
introduced	-0.97	1.32
unnecessary	-0.97	2.14
screwed	-0.97	3.00
impossible	-0.97	2.08
reducing	-0.97	1.53
bit	-0.97	2.79
endless	-0.97	1.39
japan	-0.97	2.00
controversy	-0.97	1.71
20	-0.97	1.20
attitude	-0.96	1.94
afghanistan	-0.96	0.96
10	-0.96	1.24
draft	-0.96	1.29
deemed	-0.96	1.87
powerful	-0.96	1.69
developed	-0.95	2.91
7	-0.95	1.21
russian	-0.95	0.99
holds	-0.95	2.37
15	-0.95	1.19
40	-0.95	1.18
movements	-0.95	1.10
somewhat	-0.94	2.54
sweden	-0.94	1.84
uninformed	-0.94	2.14
completely	-0.94	2.72
accident	-0.94	1.32
boom	-0.94	1.20
founding	-0.93	1.95
sides	-0.93	1.72
12	-0.93	1.20
deep	-0.93	1.60
bombing	-0.93	1.00
signed	-0.93	1.55
situations	-0.93	1.67
35	-0.92	1.15
60	-0.92	1.15
consistently	-0.92	1.94
feelings	-0.92	1.84
50	-0.92	1.19
11	-0.92	1.20
lied	-0.92	1.91
qaeda	-0.92	0.96
conservatism	-0.92	1.34
rampant	-0.92	1.51
african	-0.92	1.01
25	-0.92	1.17
pump	-0.91	1.43
fight	-0.91	1.37
australia	-0.91	1.91
either	-0.91	4.70
ashamed	-0.91	2.88
group	-0.91	1.23
14	-0.91	1.20
right-wing	-0.91	1.34
invasion	-0.91	1.01
german	-0.91	0.98
officials	-0.91	1.18
except	-0.91	3.41
differ	-0.90	2.38
24	-0.90	1.19
coast	-0.90	1.23
fundamentalist	-0.90	1.11
13	-0.90	1.19
east	-0.90	1.29
17	-0.90	1.19
21	-0.90	1.19
18	-0.90	1.18
appointed	-0.90	1.11
16	-0.90	1.19
27	-0.90	1.10
british	-0.90	1.02
justify	-0.90	1.79
score	-0.90	1.57
gay	-0.89	1.39
unlike	-0.89	1.67
crap	-0.89	1.87
45	-0.89	1.07
28	-0.89	1.16
countries	-0.89	2.98
average	-0.89	1.62
19	-0.89	1.17
thousand	-0.89	1.37
nations	-0.89	3.11
acts	-0.89	1.47
clinton	-0.89	0.96
usa	-0.89	3.01
veterans	-0.89	1.16
reduces	-0.89	1.49
55	-0.88	1.11
discovered	-0.88	1.65
revolution	-0.88	1.13
rights	-0.88	1.57
compare	-0.88	1.51
jewish	-0.88	1.28
beyond	-0.88	2.41
insist	-0.88	2.25
seems	-0.87	2.84
blowing	-0.87	1.56
routinely	-0.87	1.72
double	-0.87	2.06
bubble	-0.87	1.20
23	-0.87	1.19
26	-0.87	1.18
millions	-0.87	1.32
too	-0.87	2.87
warfare	-0.87	1.02
total	-0.87	1.50
affects	-0.86	1.67
africa	-0.86	1.21
politicians	-0.86	1.28
india	-0.86	1.67
wealthiest	-0.86	1.87
overall	-0.86	1.55
stands	-0.86	1.94
depressing	-0.86	3.21
uk	-0.86	1.84
100	-0.86	1.21
storm	-0.85	1.05
ukraine	-0.85	1.09
homosexual	-0.85	1.22
civilians	-0.85	1.11
talks	-0.85	2.49
8	-0.85	1.23
party	-0.85	1.10
vice	-0.85	1.03
redistribution	-0.85	1.31
include	-0.85	1.94
leading	-0.84	1.30
fracking	-0.84	1.50
half	-0.84	1.55
learned	-0.84	1.83
filled	-0.84	1.55
bullshit	-0.84	2.03
elect	-0.84	1.31
governments	-0.84	1.25
credit	-0.84	1.35
moderate	-0.84	1.20
spouting	-0.84	1.67
big	-0.84	1.46
legacy	-0.83	1.02
unconstitutional	-0.83	1.79
calling	-0.83	1.38
norway	-0.83	2.07
theirs	-0.83	1.95
hair	-0.83	1.38
fewer	-0.83	1.50
fools	-0.83	1.97
secrets	-0.83	1.56
larger	-0.82	1.52
putin	-0.82	0.93
9	-0.82	1.23
china	-0.82	1.70
anti	-0.82	1.48
asks	-0.82	2.82
illegal	-0.82	1.21
activity	-0.82	1.52
comparable	-0.82	1.71
crony	-0.82	1.15
rest	-0.82	2.88
operations	-0.82	1.39
unpopular	-0.82	1.78
activities	-0.82	1.42
suffer	-0.82	1.18
conservative	-0.81	1.21
boost	-0.81	1.51
libertarianism	-0.81	1.73
department	-0.81	1.59
right	-0.81	2.69
excuses	-0.81	1.79
very	-0.81	2.31
invade	-0.81	1.15
loss	-0.81	1.35
side	-0.81	2.43
sentiment	-0.81	1.81
80	-0.81	1.23
third	-0.81	2.08
classified	-0.81	1.53
laden	-0.81	1.10
country	-0.81	4.43
hurt	-0.81	2.56
rand	-0.80	1.37
rejected	-0.80	1.65
whites	-0.80	1.22
mentally	-0.80	1.76
revealed	-0.80	1.76
liberal	-0.80	1.24
existing	-0.80	1.42
masses	-0.80	1.80
70	-0.80	1.31
2001	-0.80	1.01
invalid	-0.79	3.96
eu	-0.79	2.59
hundreds	-0.79	1.28
sometimes	-0.79	2.46
blatant	-0.79	1.77
politician	-0.79	2.19
planet	-0.79	2.58
offset	-0.79	1.46
jr	-0.79	1.15
ideological	-0.79	1.49
left	-0.79	1.36
france	-0.79	1.92
elected	-0.79	1.12
bin	-0.79	1.10
bureaucracy	-0.79	1.71
blatantly	-0.78	2.66
point	-0.78	4.62
al	-0.78	1.26
mentality	-0.78	1.62
nonsense	-0.78	2.02
repubs	-0.78	1.41
libertarian	-0.78	1.21
europe	-0.78	2.85
misinformed	-0.77	2.78
sets	-0.77	1.83
large	-0.77	1.56
backed	-0.77	1.49
stand	-0.77	2.14
recognized	-0.77	1.65
failed	-0.77	2.12
200	-0.77	1.25
quite	-0.77	2.84
happens	-0.77	3.29
republic	-0.77	1.30
imo	-0.77	2.69
bs	-0.77	1.93
tyranny	-0.77	1.19
western	-0.77	2.99
everyone	-0.76	3.04
virtually	-0.76	2.52
eastern	-0.76	1.83
advocate	-0.76	1.95
comparison	-0.76	2.41
each	-0.76	1.48
liberalism	-0.76	1.59
known	-0.76	1.69
reputation	-0.76	1.26
proposed	-0.76	1.56
base	-0.75	1.39
admitted	-0.75	2.17
pictures	-0.75	1.61
affected	-0.75	1.57
worse	-0.75	2.56
greater	-0.75	1.52
ground	-0.75	1.51
gives	-0.75	2.14
bankrupt	-0.75	2.05
disproportionately	-0.75	1.18
pro	-0.75	1.60
americans	-0.75	1.00
gut	-0.75	1.81
societies	-0.75	2.73
surprise	-0.74	2.63
independent	-0.74	1.10
foreign	-0.74	1.27
gets	-0.74	2.43
thomas	-0.74	1.60
mainly	-0.74	1.59
wasted	-0.74	1.55
poorest	-0.74	2.67
else	-0.74	3.43
complete	-0.74	1.52
99	-0.74	1.55
simply	-0.74	4.91
individuals	-0.74	1.49
significant	-0.74	1.51
ice	-0.74	1.31
shocking	-0.74	3.21
51	-0.74	1.03
declared	-0.74	1.67
into	-0.73	1.97
dissent	-0.73	1.68
grade	-0.73	1.74
2003	-0.73	1.09
practice	-0.73	1.49
bridge	-0.73	1.30
wanted	-0.73	2.39
screwing	-0.73	1.77
northern	-0.73	1.59
divided	-0.73	1.43
rigged	-0.73	1.91
clue	-0.73	4.19
horribly	-0.73	2.53
strange	-0.73	3.40
depending	-0.73	1.86
civilian	-0.72	1.09
fucks	-0.72	1.81
commerce	-0.72	1.70
taliban	-0.72	0.97
tied	-0.72	1.37
elements	-0.72	1.43
seemingly	-0.72	2.43
utter	-0.72	1.53
world	-0.72	4.38
army	-0.72	1.23
april	-0.72	1.38
liked	-0.72	3.39
bigger	-0.72	1.76
european	-0.72	2.16
aside	-0.72	1.84
internal	-0.72	1.69
helped	-0.71	2.08
says	-0.71	2.88
95	-0.71	1.50
wave	-0.71	1.35
comparing	-0.71	1.46
itself	-0.71	2.35
advantage	-0.71	1.84
canada	-0.71	2.10
resulted	-0.71	1.51
2004	-0.71	1.12
oligarchy	-0.71	1.21
comes	-0.70	2.21
amendments	-0.70	1.59
drastically	-0.70	1.62
establishment	-0.70	1.16
hispanic	-0.70	1.11
fail	-0.70	2.56
progressives	-0.70	1.51
decline	-0.70	1.49
koch	-0.70	1.16
ill	-0.70	1.67
oppression	-0.70	1.27
preserve	-0.70	1.34
spread	-0.70	1.38
advocates	-0.69	1.59
convenient	-0.69	2.40
first	-0.69	1.99
charging	-0.69	1.55
dems	-0.69	1.20
avoided	-0.69	2.04
stimulus	-0.69	1.33
highly	-0.69	2.35
considered	-0.69	2.00
150	-0.69	1.28
nobody	-0.68	3.06
nail	-0.68	1.50
amnesty	-0.68	1.21
despite	-0.68	2.04
affect	-0.68	1.87
north	-0.68	1.21
massively	-0.68	2.30
anti-gun	-0.68	1.45
occurred	-0.68	1.89
frustrating	-0.68	3.29
represented	-0.68	1.28
liberties	-0.68	1.55
competing	-0.68	1.36
involvement	-0.68	1.30
intellectually	-0.68	2.12
relations	-0.67	1.05
lost	-0.67	1.45
ours	-0.67	2.88
acting	-0.67	1.71
embarrassing	-0.67	3.18
faced	-0.67	1.34
every	-0.67	2.13
congress	-0.67	1.22
rich	-0.67	1.34
minority	-0.67	1.16
privacy	-0.67	1.64
domestic	-0.67	1.11
dumb	-0.67	2.15
legalization	-0.67	1.40
un	-0.67	1.33
uninsured	-0.67	1.64
blindly	-0.67	2.11
records	-0.66	1.60
standing	-0.66	1.51
usually	-0.66	2.03
increasingly	-0.66	2.23
amendment	-0.66	1.72
scope	-0.66	1.67
possible	-0.66	3.78
society	-0.66	2.43
believe	-0.66	3.41
brutality	-0.66	1.34
compared	-0.66	1.73
elites	-0.66	1.16
1980	-0.66	1.38
exceptions	-0.66	1.70
punishing	-0.66	1.55
split	-0.66	1.36
apart	-0.66	1.56
republicans	-0.66	1.49
south	-0.66	0.98
region	-0.65	1.76
wildly	-0.65	2.80
serious	-0.65	1.50
potential	-0.65	1.44
become	-0.65	1.97
2008	-0.65	1.04
speaks	-0.65	2.66
hard	-0.65	2.24
failing	-0.65	2.09
borders	-0.65	1.82
spy	-0.65	1.24
bribes	-0.65	1.27
ideologies	-0.65	1.59
constituents	-0.65	1.41
unusual	-0.65	2.10
mexico	-0.65	1.20
reaction	-0.65	1.93
investigations	-0.64	1.77
movement	-0.64	1.35
wealthy	-0.64	1.30
jim	-0.64	1.05
denial	-0.64	1.82
elite	-0.64	1.18
nowadays	-0.64	2.10
dramatically	-0.64	1.62
earners	-0.64	1.62
leaves	-0.64	1.87
almost	-0.64	3.33
cut	-0.63	1.37
guarantees	-0.63	1.77
england	-0.63	1.76
pile	-0.63	1.58
screw	-0.63	1.81
situation	-0.63	2.04
2000	-0.63	1.23
so-called	-0.63	1.38
decisions	-0.63	1.53
investigating	-0.63	1.73
literally	-0.63	3.14
limited	-0.63	1.64
soldiers	-0.63	1.28
motivated	-0.62	1.70
everybody	-0.62	2.68
couples	-0.62	1.36
boston	-0.62	1.24
vastly	-0.62	1.98
mass	-0.62	1.39
liberty	-0.62	1.57
hospital	-0.62	1.65
entirety	-0.62	2.37
relative	-0.62	1.57
tiny	-0.62	1.46
patients	-0.62	1.63
economies	-0.62	2.41
founders	-0.62	2.03
patient	-0.62	1.52
widespread	-0.62	1.29
overly	-0.61	2.39
bribe	-0.61	1.26
struggle	-0.61	1.22
er	-0.61	1.70
barack	-0.61	1.02
wake	-0.61	1.91
legislature	-0.61	1.21
started	-0.61	2.08
cia	-0.61	1.38
late	-0.61	1.81
financial	-0.61	1.20
whoever	-0.61	2.31
prohibition	-0.61	1.17
pretty	-0.61	2.79
us	-0.61	2.78
populations	-0.61	1.23
west	-0.61	1.44
importantly	-0.61	2.09
ebola	-0.61	1.63
investigation	-0.61	1.77
occur	-0.61	2.01
cause	-0.61	1.34
again	-0.60	4.86
small	-0.60	1.39
bracket	-0.60	1.52
treason	-0.60	1.39
constitution	-0.60	2.15
populace	-0.60	1.75
facing	-0.60	1.44
major	-0.60	1.78
range	-0.60	1.52
lying	-0.60	2.25
represent	-0.60	1.33
civilized	-0.60	2.86
nominee	-0.60	1.00
delusional	-0.60	2.41
protections	-0.60	1.61
2011	-0.60	1.26
march	-0.60	1.26
middle	-0.60	1.69
environment	-0.59	1.33
corporate	-0.59	1.21
anybody	-0.59	3.32
frequently	-0.59	1.99
bailouts	-0.59	1.17
propaganda	-0.59	1.67
repeating	-0.59	2.23
legislators	-0.59	1.26
101	-0.59	1.96
protected	-0.59	1.69
closest	-0.59	4.28
80s	-0.59	1.40
entirely	-0.58	2.72
dem	-0.58	1.10
hurts	-0.58	1.42
republican	-0.58	1.11
activists	-0.58	1.40
economy	-0.58	2.01
argued	-0.58	2.34
fundamentally	-0.58	2.37
committee	-0.58	1.55
cared	-0.58	3.25
potentially	-0.58	1.69
super	-0.58	1.97
thousands	-0.58	1.28
smaller	-0.58	1.45
outright	-0.58	2.19
departments	-0.58	1.50
effect	-0.58	1.64
protests	-0.58	1.34
special	-0.58	1.47
veto	-0.58	1.28
democrats	-0.58	1.41
protects	-0.58	1.69
lawmakers	-0.57	1.27
atmosphere	-0.57	1.31
freedoms	-0.57	1.71
mindset	-0.57	1.86
everywhere	-0.57	2.08
standards	-0.57	1.63
bankers	-0.57	1.24
central	-0.57	1.46
likewise	-0.57	1.90
trash	-0.57	1.67
constitutional	-0.57	1.77
2013	-0.57	1.30
christie	-0.57	1.15
democrat	-0.57	1.10
clearly	-0.57	4.66
upper	-0.57	1.59
towards	-0.57	1.70
conflict	-0.57	1.47
fines	-0.57	1.99
effects	-0.56	1.63
where	-0.56	3.27
2007	-0.56	1.14
state	-0.56	1.00
states	-0.56	1.04
freedom	-0.56	1.73
decades	-0.56	2.11
democratic	-0.56	1.12
class	-0.56	1.53
congressmen	-0.56	1.27
follows	-0.56	2.15
causing	-0.56	1.36
opposition	-0.56	1.67
especially	-0.56	1.77
deserved	-0.56	1.59
giant	-0.56	1.31
vp	-0.56	1.03
causes	-0.56	1.40
conspiracy	-0.56	1.76
beginning	-0.56	1.87
mitt	-0.56	1.23
james	-0.56	1.46
exercising	-0.55	1.70
representing	-0.55	1.26
seen	-0.55	2.80
representative	-0.55	1.24
favors	-0.55	1.34
2009	-0.55	1.30
falling	-0.55	1.47
billions	-0.55	1.35
suspicion	-0.55	1.87
had	-0.55	2.65
ending	-0.55	1.61
fair	-0.55	2.94
toward	-0.55	1.67
race	-0.55	1.42
scandal	-0.55	1.56
2012	-0.55	1.16
won	-0.54	1.11
opposing	-0.54	2.37
conduct	-0.54	1.65
vocal	-0.54	1.35
ron	-0.54	1.20
fairly	-0.54	2.47
violates	-0.54	1.67
homeless	-0.54	1.76
intervention	-0.54	1.23
inability	-0.54	1.96
deregulation	-0.54	1.23
troops	-0.54	1.01
2014	-0.54	1.50
apathy	-0.54	1.90
national	-0.54	1.46
70s	-0.54	1.57
negative	-0.54	1.63
becomes	-0.54	2.27
significantly	-0.54	1.88
exactly	-0.54	4.87
save	-0.54	1.65
2010	-0.54	1.25
since	-0.53	1.72
communities	-0.53	1.10
main	-0.53	1.86
claimed	-0.53	2.25
decade	-0.53	1.86
fiscally	-0.53	1.49
banking	-0.53	1.23
heard	-0.53	2.69
poor	-0.53	1.27
alleged	-0.53	1.53
harm	-0.53	1.54
injustice	-0.53	1.34
diverse	-0.53	1.36
exclusive	-0.53	1.85
marginal	-0.53	1.42
stuff	-0.53	3.20
individual	-0.53	1.66
contact	-0.53	1.47
supporter	-0.53	1.69
shootings	-0.53	1.31
jeb	-0.53	1.13
aisle	-0.53	1.44
representatives	-0.53	1.23
punished	-0.53	1.60
incidents	-0.53	1.42
occurring	-0.53	2.04
trickle	-0.52	1.68
surveillance	-0.52	1.31
popularity	-0.52	1.39
exercise	-0.52	1.75
wealth	-0.52	1.44
risky	-0.52	1.65
protection	-0.52	1.70
ultimately	-0.52	2.06
easy	-0.52	2.16
result	-0.52	1.53
lies	-0.52	2.00
strikes	-0.52	1.04
ocean	-0.52	1.29
pain	-0.52	1.10
disease	-0.52	1.13
victim	-0.52	1.52
continued	-0.52	1.63
second	-0.52	2.09
millionaires	-0.52	1.49
substantially	-0.52	1.85
targeted	-0.52	1.20
decided	-0.52	2.12
runs	-0.52	1.46
banks	-0.52	1.38
leads	-0.52	1.52
enemies	-0.52	1.09
bomb	-0.52	1.01
little	-0.52	2.59
resulting	-0.52	1.41
contributed	-0.52	1.36
romney	-0.51	1.14
becoming	-0.51	2.20
bombs	-0.51	1.04
liar	-0.51	1.92
manipulated	-0.51	1.94
january	-0.51	1.55
spoke	-0.51	2.05
branches	-0.51	1.43
60s	-0.51	1.49
martin	-0.51	1.26
evangelical	-0.51	1.18
brown	-0.51	1.40
riots	-0.51	1.38
territory	-0.51	1.10
1,000	-0.51	1.30
ran	-0.51	1.30
threw	-0.51	1.48
saved	-0.50	1.59
dies	-0.50	2.24
substance	-0.50	1.22
mean	-0.50	4.89
targeting	-0.50	1.38
wild	-0.50	1.82
taxing	-0.50	1.37
thugs	-0.50	1.22
walked	-0.50	1.77
due	-0.50	1.55
legalizing	-0.50	1.16
ongoing	-0.50	1.58
percentage	-0.50	1.46
documented	-0.50	2.47
during	-0.50	1.63
overwhelmingly	-0.50	1.38
patriot	-0.50	1.34
legislatures	-0.50	1.26
chinese	-0.50	1.18
votes	-0.50	1.19
skewed	-0.50	2.40
nomination	-0.50	1.12
magnitude	-0.50	1.85
earth	-0.50	1.92
sat	-0.50	1.55
impacts	-0.50	1.69
shooting	-0.49	1.25
powers	-0.49	1.58
related	-0.49	1.53
compromise	-0.49	1.84
push	-0.49	1.75
22	-0.49	1.27
agenda	-0.49	1.56
slightly	-0.49	2.31
victims	-0.49	1.19
pride	-0.49	1.75
defeat	-0.49	1.10
creators	-0.49	1.31
300	-0.49	1.35
feels	-0.49	1.96
size	-0.49	1.54
oregon	-0.49	0.94
today	-0.49	3.30
branch	-0.49	1.46
majority	-0.49	1.17
amongst	-0.49	1.27
burned	-0.49	1.23
2016	-0.49	1.06
expanding	-0.49	1.40
united	-0.48	1.41
ignores	-0.48	2.53
women	-0.48	1.29
youth	-0.48	1.16
drone	-0.48	1.02
together	-0.48	1.57
unaware	-0.48	3.95
injured	-0.48	1.51
tries	-0.48	2.47
leaning	-0.48	1.33
combination	-0.48	1.91
mississippi	-0.48	0.97
2005	-0.48	1.23
primaries	-0.48	1.10
care	-0.48	1.66
households	-0.48	1.52
essentially	-0.48	2.73
community	-0.48	1.04
occurs	-0.48	1.96
overwhelming	-0.48	1.88
core	-0.48	1.68
violated	-0.48	1.70
voters	-0.48	1.23
violation	-0.48	1.68
fraction	-0.48	1.43
pass	-0.48	1.45
e.g	-0.48	1.65
groups	-0.48	1.22
electorate	-0.48	1.46
presidential	-0.48	1.08
pro-life	-0.47	1.46
benefit	-0.47	1.61
congressional	-0.47	1.25
largely	-0.47	2.15
stops	-0.47	2.04
cutting	-0.47	1.38
rarely	-0.47	2.26
taught	-0.47	1.87
gop	-0.47	1.15
fundamental	-0.47	1.97
often	-0.47	1.95
cartels	-0.47	1.16
november	-0.47	1.42
proportion	-0.47	1.41
traditional	-0.46	1.38
became	-0.46	2.17
carolina	-0.46	0.95
counties	-0.46	1.54
attention	-0.46	2.47
targets	-0.46	1.10
suicide	-0.46	1.20
treated	-0.46	1.76
impact	-0.46	1.78
georgia	-0.46	0.94
director	-0.46	1.41
widely	-0.46	1.81
leaders	-0.46	1.06
alabama	-0.46	0.94
particularly	-0.46	2.33
violence	-0.46	1.23
immigrants	-0.46	1.29
black	-0.46	1.14
virginia	-0.46	0.98
spying	-0.46	1.30
kentucky	-0.46	0.97
pockets	-0.46	1.25
trillions	-0.46	1.36
refuses	-0.46	2.44
greatly	-0.46	1.88
kill	-0.46	1.39
senate	-0.46	1.22
turnout	-0.46	1.29
executed	-0.46	1.16
representation	-0.45	1.31
running	-0.45	1.09
scenario	-0.45	1.94
location	-0.45	1.59
justices	-0.45	1.39
idea	-0.45	3.66
misinformation	-0.45	2.06
portion	-0.45	1.38
louisiana	-0.45	0.95
constitutionally	-0.45	1.81
reps	-0.45	1.20
smith	-0.45	1.44
yes	-0.45	4.59
2006	-0.45	1.25
limiting	-0.45	1.49
mid	-0.45	1.61
lose	-0.45	1.97
civilization	-0.45	2.74
repeatedly	-0.45	2.41
discretion	-0.45	1.70
smell	-0.45	2.87
bipartisan	-0.45	1.38
authority	-0.45	1.61
fits	-0.45	2.02
bernie	-0.45	1.05
hypothetical	-0.45	2.10
bill	-0.45	1.41
run	-0.45	1.07
agencies	-0.45	1.40
pushing	-0.45	1.84
governor	-0.45	1.15
mainstream	-0.44	1.31
races	-0.44	1.21
tickets	-0.44	1.55
suppression	-0.44	1.29
tsa	-0.44	1.42
peoples	-0.44	1.37
expression	-0.44	1.68
structure	-0.44	1.55
culture	-0.44	1.50
indirectly	-0.44	1.53
truth	-0.44	2.56
win	-0.44	1.20
lay	-0.44	1.68
75	-0.44	1.27
settle	-0.44	1.86
bear	-0.44	1.76
ohio	-0.44	0.95
abuse	-0.44	1.32
rick	-0.44	1.69
colorado	-0.44	1.02
population	-0.44	1.38
ones	-0.44	2.01
recognition	-0.44	1.37
surface	-0.44	1.31
regarding	-0.44	2.00
injury	-0.44	1.20
thing	-0.44	3.81
led	-0.44	1.50
prosecuted	-0.44	1.52
ultimate	-0.44	1.56
florida	-0.44	0.95
silence	-0.43	1.57
procedure	-0.43	1.57
policing	-0.43	1.38
lie	-0.43	2.33
involving	-0.43	1.59
sanders	-0.43	1.04
trade	-0.43	1.56
abused	-0.43	1.52
strike	-0.43	1.08
broad	-0.43	2.18
were	-0.43	2.33
continuing	-0.43	1.78
lesson	-0.43	2.04
killing	-0.43	1.25
treating	-0.43	1.45
early	-0.43	1.90
desire	-0.43	2.24
environmental	-0.43	1.43
defend	-0.43	2.39
stretch	-0.43	3.01
wisconsin	-0.43	0.96
chooses	-0.43	2.37
suspicious	-0.43	2.24
texas	-0.42	0.98
fiscal	-0.42	1.33
immigration	-0.42	1.35
zero	-0.42	2.58
1000	-0.42	1.35
iraqi	-0.42	1.00
electoral	-0.42	1.30
separate	-0.42	1.62
speech	-0.42	1.69
instances	-0.42	1.75
wins	-0.42	1.27
soil	-0.42	0.95
midterm	-0.42	1.20
fathers	-0.42	1.89
attempts	-0.42	2.30
kansas	-0.42	0.95
continues	-0.42	1.98
nearly	-0.42	2.06
winner	-0.42	1.25
grows	-0.42	1.35
additionally	-0.42	1.90
undermine	-0.42	1.85
closer	-0.42	1.93
bills	-0.42	1.32
secretary	-0.42	1.25
constant	-0.42	1.56
michigan	-0.41	0.95
case	-0.41	1.91
tried	-0.41	2.50
illinois	-0.41	0.95
warrants	-0.41	1.54
drones	-0.41	1.10
restrict	-0.41	1.74
brainwashed	-0.41	2.00
bailout	-0.41	1.25
guaranteed	-0.41	1.78
popular	-0.41	1.44
iowa	-0.41	0.96
israel	-0.41	1.04
trump	-0.41	1.41
mexican	-0.41	1.16
bail	-0.41	1.50
others	-0.41	2.35
wishes	-0.41	2.22
seats	-0.41	1.20
adjusted	-0.41	1.58
elections	-0.41	1.24
legalized	-0.41	1.23
folks	-0.41	1.59
along	-0.40	1.88
agency	-0.40	1.46
400	-0.40	1.34
served	-0.40	1.35
fbi	-0.40	1.53
house	-0.40	1.17
citizens	-0.40	1.15
raising	-0.40	1.38
ted	-0.40	1.85
starving	-0.40	1.72
severe	-0.40	1.32
consequences	-0.40	1.79
tens	-0.40	1.34
immediate	-0.40	1.41
missouri	-0.40	0.95
stupidity	-0.40	1.78
action	-0.40	1.52
belong	-0.40	1.59
homicide	-0.39	1.26
dea	-0.39	1.36
cuts	-0.39	1.34
works	-0.39	2.30
periods	-0.39	1.44
lead	-0.39	1.56
interests	-0.39	1.36
regularly	-0.39	1.99
places	-0.39	1.67
government	-0.39	1.40
contrast	-0.39	1.45
gap	-0.39	1.66
legalize	-0.39	1.22
swing	-0.39	1.26
10,000	-0.39	1.28
camp	-0.39	1.26
co2	-0.39	1.38
cultural	-0.39	1.58
oklahoma	-0.39	0.95
narrow	-0.39	1.92
rally	-0.39	1.45
roberts	-0.39	1.40
ended	-0.39	2.02
amounts	-0.39	1.30
own	-0.39	1.53
recording	-0.39	1.41
banning	-0.39	1.57
difficult	-0.39	2.04
sort	-0.39	2.41
income	-0.39	1.39
mostly	-0.39	1.61
ryan	-0.39	1.69
legislative	-0.39	1.45
tested	-0.39	2.21
command	-0.39	1.22
tortured	-0.39	1.25
utah	-0.39	0.95
alaska	-0.39	0.97
quarter	-0.38	1.59
arizona	-0.38	0.95
debunked	-0.38	2.45
religion	-0.38	1.33
paul	-0.38	1.27
influence	-0.38	1.33
taxpayer	-0.38	1.45
embrace	-0.38	1.98
cruz	-0.38	1.57
maryland	-0.38	0.97
outcome	-0.38	2.14
vs	-0.38	1.46
cantor	-0.38	1.19
impeach	-0.38	1.62
fantasy	-0.38	2.00
pursuit	-0.38	1.64
extent	-0.38	2.68
inherent	-0.38	2.02
urban	-0.38	1.25
bases	-0.38	1.10
neighborhoods	-0.38	1.13
doj	-0.38	1.55
nsa	-0.38	1.48
demographics	-0.38	1.31
governance	-0.38	1.46
america	-0.38	3.06
killed	-0.38	1.71
cancer	-0.38	1.16
prosecute	-0.38	1.64
intentionally	-0.38	2.76
vote	-0.37	1.33
divide	-0.37	1.57
international	-0.37	1.57
subjective	-0.37	2.70
sea	-0.37	1.37
changing	-0.37	1.98
saw	-0.37	2.04
gt	-0.37	4.90
severely	-0.37	2.23
extend	-0.37	1.72
socialized	-0.37	1.69
block	-0.37	1.63
shifted	-0.37	1.83
ruled	-0.37	1.64
contains	-0.37	1.54
impeachment	-0.37	1.43
general	-0.37	1.28
economically	-0.37	1.89
norm	-0.37	2.00
gdp	-0.37	1.44
speculation	-0.37	2.09
threat	-0.37	1.48
california	-0.37	0.99
crazy	-0.37	2.14
basically	-0.37	3.33
talk	-0.37	3.07
re	-0.37	4.52
losses	-0.37	1.44
incomes	-0.37	1.41
lot	-0.37	3.15
noise	-0.37	1.82
spends	-0.37	1.58
snowden	-0.37	1.37
forward	-0.37	1.93
threshold	-0.37	1.49
moves	-0.37	1.78
typically	-0.37	1.93
responsibilities	-0.37	1.62
cold	-0.37	1.14
repealed	-0.37	1.50
inner	-0.36	1.14
combat	-0.36	1.13
election	-0.36	1.24
vermont	-0.36	0.97
chunk	-0.36	1.56
matters	-0.36	2.80
investigated	-0.36	1.85
ironic	-0.36	3.41
political	-0.36	1.37
cannabis	-0.36	1.27
authorized	-0.36	1.52
disparity	-0.36	1.73
earned	-0.36	1.39
artificially	-0.36	1.33
remaining	-0.36	1.65
gerrymandering	-0.36	1.44
ratio	-0.36	1.56
courts	-0.36	1.65
morally	-0.36	2.28
supreme	-0.36	1.58
teach	-0.36	1.71
set	-0.36	1.68
cocaine	-0.36	1.30
garbage	-0.36	1.91
money	-0.36	1.37
district	-0.36	1.37
expanded	-0.36	1.46
hilary	-0.36	1.06
struck	-0.35	1.60
court	-0.35	1.58
accused	-0.35	1.56
senators	-0.35	1.14
everything	-0.35	3.74
scotus	-0.35	1.59
legislation	-0.35	1.48
interest	-0.35	1.38
depend	-0.35	1.81
promised	-0.35	2.11
date	-0.35	1.81
democracy	-0.35	1.61
uncomfortable	-0.35	3.10
overturn	-0.35	1.61
midterms	-0.35	1.26
addiction	-0.35	1.23
taxation	-0.35	1.33
shot	-0.35	1.36
primary	-0.35	1.16
passing	-0.35	1.51
ideology	-0.35	1.77
trying	-0.35	2.53
reach	-0.35	1.94
empty	-0.35	1.76
biden	-0.35	1.06
reflect	-0.35	1.98
challenged	-0.35	1.68
limit	-0.35	1.46
procedures	-0.35	1.57
lobbyists	-0.35	1.26
primarily	-0.34	1.69
federal	-0.34	1.47
military	-0.34	1.06
taxed	-0.34	1.38
cycle	-0.34	1.69
burden	-0.34	1.60
ought	-0.34	2.47
corporations	-0.34	1.24
holder	-0.34	1.38
expand	-0.34	1.57
doesnt	-0.34	2.83
candidate	-0.34	1.13
extension	-0.34	1.53
demographic	-0.34	1.20
threats	-0.34	1.44
districts	-0.34	1.39
massachusetts	-0.34	0.99
seem	-0.34	3.68
seemed	-0.34	2.63
express	-0.34	1.88
handling	-0.34	1.73
simple	-0.34	2.16
generally	-0.33	2.17
innocent	-0.33	1.41
personal	-0.33	1.65
find	-0.33	2.88
viewed	-0.33	2.06
investigate	-0.33	1.68
enemy	-0.33	0.97
authorities	-0.33	1.59
corruption	-0.33	1.55
justice	-0.33	1.59
fed	-0.33	1.30
commit	-0.33	1.44
convention	-0.33	1.69
border	-0.33	1.30
controlled	-0.33	1.35
gerrymandered	-0.33	1.42
hospitals	-0.33	1.50
jersey	-0.33	1.07
perry	-0.33	1.37
sitting	-0.33	1.66
sight	-0.33	1.93
dollars	-0.33	1.59
hungry	-0.33	1.73
inevitably	-0.33	1.97
changes	-0.33	1.86
criminals	-0.33	1.65
guilty	-0.33	1.61
cross	-0.33	1.29
inequality	-0.33	1.49
any	-0.33	3.23
epa	-0.33	1.43
hillary	-0.32	1.07
transparent	-0.32	2.18
capitalism	-0.32	1.38
protest	-0.32	1.40
shifting	-0.32	1.77
limits	-0.32	1.41
center	-0.32	1.48
decide	-0.32	2.45
killer	-0.32	1.27
enforcement	-0.32	1.50
bribery	-0.32	1.34
crime	-0.32	1.41
governmental	-0.32	1.50
real	-0.32	2.11
deny	-0.32	2.19
planned	-0.32	1.37
manner	-0.32	2.20
experiment	-0.32	2.15
obviously	-0.32	3.83
clinic	-0.32	1.47
attempt	-0.32	2.23
front	-0.32	1.63
overturned	-0.32	1.63
poverty	-0.32	1.52
ruling	-0.32	1.58
emissions	-0.32	1.39
medical	-0.32	1.46
carbon	-0.32	1.37
permanent	-0.32	1.40
insured	-0.32	1.50
onto	-0.32	1.64
does	-0.32	3.50
temperature	-0.32	1.61
risks	-0.31	1.63
gender	-0.31	1.26
studied	-0.31	1.76
forces	-0.31	1.20
losers	-0.31	1.75
extended	-0.31	1.68
oversight	-0.31	1.54
confidence	-0.31	1.60
candidates	-0.31	1.12
clinics	-0.31	1.44
attempting	-0.31	2.37
gain	-0.31	1.76
irs	-0.31	1.55
gov't	-0.31	1.42
cheney	-0.31	1.42
memory	-0.31	1.69
decision	-0.31	1.60
stance	-0.31	1.69
shutdown	-0.31	1.33
mortgage	-0.31	1.29
govt	-0.31	1.49
dime	-0.30	1.84
capture	-0.30	1.22
perceived	-0.30	1.88
fall	-0.30	1.88
stuck	-0.30	1.83
tax	-0.30	1.38
pattern	-0.30	1.90
criminal	-0.30	1.63
nothing	-0.30	3.96
weed	-0.30	1.38
warrant	-0.30	1.66
began	-0.30	1.99
gone	-0.30	2.68
platform	-0.30	1.40
number	-0.30	1.48
handouts	-0.30	1.51
ignore	-0.30	2.88
winning	-0.30	1.36
cap	-0.30	1.30
spending	-0.30	1.41
george	-0.30	1.23
marry	-0.30	1.48
shift	-0.30	1.76
accomplish	-0.30	3.15
official	-0.30	1.65
slightest	-0.30	2.92
market	-0.30	1.36
flag	-0.30	1.42
broke	-0.29	1.92
deadly	-0.29	1.51
organized	-0.29	1.40
visits	-0.29	1.45
arms	-0.29	1.71
calls	-0.29	1.91
areas	-0.29	1.35
probable	-0.29	1.82
murders	-0.29	1.26
approved	-0.29	1.57
efforts	-0.29	1.99
practically	-0.29	2.65
denying	-0.29	2.00
straight	-0.29	1.35
sarah	-0.29	1.71
rulings	-0.29	1.63
identified	-0.29	1.92
torture	-0.29	1.37
drugs	-0.29	1.31
backs	-0.29	1.70
happiness	-0.29	1.55
happening	-0.29	3.94
blocked	-0.29	1.39
period	-0.29	1.97
demands	-0.29	2.12
attempted	-0.29	2.23
committed	-0.29	1.49
load	-0.29	1.74
regulatory	-0.29	1.46
costing	-0.29	1.56
directed	-0.29	2.01
eliminating	-0.29	1.55
taxpayers	-0.29	1.48
determined	-0.29	2.04
amount	-0.29	1.43
controversial	-0.29	2.40
philosophy	-0.29	1.67
line	-0.29	1.56
ourselves	-0.29	2.10
leverage	-0.29	1.58
precedent	-0.29	1.68
after	-0.29	2.31
politically	-0.29	2.29
illegals	-0.29	1.24
100,000	-0.28	1.44
trillion	-0.28	1.76
random	-0.28	1.82
scary	-0.28	3.26
laws	-0.28	1.61
acceptable	-0.28	2.02
500	-0.28	1.39
spent	-0.28	1.70
cash	-0.28	1.30
murdering	-0.28	1.27
violate	-0.28	1.75
offices	-0.28	1.30
fan	-0.28	1.66
protesting	-0.28	1.42
rural	-0.28	1.17
accept	-0.28	2.82
disability	-0.28	1.29
homosexuality	-0.28	1.06
addicts	-0.28	1.63
accidents	-0.28	1.31
initiative	-0.28	1.61
socially	-0.28	1.91
heavily	-0.28	1.89
u.s	-0.28	1.30
emergency	-0.28	1.45
thoroughly	-0.28	2.51
huge	-0.28	1.74
distribution	-0.27	1.42
trust	-0.27	2.91
historical	-0.27	1.75
free	-0.27	1.88
median	-0.27	1.48
judicial	-0.27	1.60
gross	-0.27	1.46
tired	-0.27	2.13
committing	-0.27	1.54
vague	-0.27	2.85
ve	-0.27	2.78
mental	-0.27	1.29
goes	-0.27	2.38
adopt	-0.27	1.39
intelligence	-0.27	1.63
bank	-0.27	1.34
surgery	-0.27	1.47
et	-0.27	1.74
payers	-0.27	1.50
cases	-0.27	1.68
being	-0.27	2.20
identical	-0.27	1.53
expansion	-0.27	1.42
rapidly	-0.27	1.92
formed	-0.27	1.44
comprehend	-0.27	2.67
execute	-0.27	1.45
judges	-0.27	1.62
concept	-0.27	2.39
separation	-0.27	1.54
effort	-0.27	2.22
treasury	-0.26	1.32
systemic	-0.26	1.86
tend	-0.26	1.64
unit	-0.26	1.26
drives	-0.26	1.27
granted	-0.26	1.74
walker	-0.26	1.26
restrictive	-0.26	1.69
nature	-0.26	1.98
impose	-0.26	1.67
inaccurate	-0.26	3.45
arrested	-0.26	1.65
voting	-0.26	1.53
restricting	-0.26	1.61
charged	-0.26	1.61
mccain	-0.26	1.21
incompetence	-0.26	1.82
opportunity	-0.26	1.97
commission	-0.26	1.47
taxes	-0.26	1.35
filibuster	-0.26	1.24
heroin	-0.26	1.39
ever	-0.26	3.81
marijuana	-0.26	1.30
expressed	-0.26	2.28
institution	-0.26	1.48
pricing	-0.26	1.45
operation	-0.26	1.52
max	-0.26	1.37
gains	-0.26	1.34
hide	-0.26	2.25
billion	-0.26	1.59
wall	-0.26	1.30
limitations	-0.26	1.73
freely	-0.25	2.08
lawsuits	-0.25	1.59
turns	-0.25	1.84
rhetoric	-0.25	1.91
backing	-0.25	2.36
encourage	-0.25	1.83
forced	-0.25	2.30
act	-0.25	1.51
promote	-0.25	1.74
blown	-0.25	2.16
collection	-0.25	1.55
truly	-0.25	3.22
justification	-0.25	1.92
risk	-0.25	1.61
street	-0.25	1.35
roughly	-0.25	1.70
dismiss	-0.25	2.46
reserve	-0.25	1.32
power	-0.25	1.49
complicated	-0.25	2.35
misleading	-0.25	3.23
boehner	-0.25	1.33
budgets	-0.25	1.39
regulating	-0.25	1.46
murdered	-0.25	1.62
recent	-0.25	2.00
catch	-0.25	2.28
attract	-0.25	1.32
partially	-0.25	1.93
medication	-0.25	1.30
agreements	-0.25	1.79
welfare	-0.25	1.45
established	-0.25	1.78
similarly	-0.25	2.36
repeal	-0.25	1.47
scalia	-0.25	1.67
imposed	-0.25	1.72
agents	-0.25	1.41
expectation	-0.24	2.16
organization	-0.24	1.30
economics	-0.24	2.08
per	-0.24	1.61
person	-0.24	2.59
view	-0.24	1.97
outraged	-0.24	3.30
chris	-0.24	1.30
w	-0.24	1.32
cure	-0.24	1.49
expense	-0.24	1.41
loopholes	-0.24	1.52
jurisdiction	-0.24	1.72
entity	-0.24	1.67
personnel	-0.24	1.30
substantial	-0.24	1.50
robbed	-0.24	1.36
papers	-0.24	1.82
balances	-0.24	1.70
otherwise	-0.24	4.05
reverse	-0.24	1.90
upon	-0.24	1.84
sum	-0.24	1.34
and/or	-0.24	2.25
murder	-0.24	1.35
under	-0.24	1.75
secondly	-0.24	3.28
ferguson	-0.24	1.47
reject	-0.24	2.61
between	-0.24	1.96
offense	-0.24	1.63
nra	-0.24	1.67
shits	-0.24	1.67
anyone	-0.24	3.62
positive	-0.24	1.88
unlimited	-0.23	1.37
temporary	-0.23	1.42
markets	-0.23	1.35
justified	-0.23	1.65
disabled	-0.23	1.51
monetary	-0.23	1.34
order	-0.23	2.34
trend	-0.23	2.00
forcing	-0.23	2.25
violations	-0.23	1.65
whatever	-0.23	3.61
actively	-0.23	2.23
anywhere	-0.23	3.79
regulate	-0.23	1.63
deliberately	-0.23	2.45
drug	-0.23	1.35
differences	-0.23	2.42
approximately	-0.23	1.65
longer	-0.23	3.08
poorer	-0.23	1.72
performing	-0.23	1.83
21st	-0.23	1.99
governing	-0.23	1.56
earnings	-0.22	1.36
joint	-0.22	1.47
penny	-0.22	1.50
govern	-0.22	2.07
gov	-0.22	1.23
particular	-0.22	1.96
law	-0.22	1.75
metric	-0.22	2.30
ideals	-0.22	1.78
global	-0.22	1.72
recreational	-0.22	1.29
harsh	-0.22	2.25
grounds	-0.22	1.59
fraud	-0.22	1.73
punishment	-0.22	1.71
been	-0.22	3.32
wanting	-0.22	2.56
program	-0.22	1.45
mob	-0.22	1.69
recovery	-0.22	1.50
liable	-0.22	1.48
deeply	-0.22	2.35
principles	-0.22	1.79
pieces	-0.22	1.85
someone	-0.22	3.12
grant	-0.22	1.85
end	-0.22	2.71
unless	-0.22	4.17
loan	-0.21	1.44
enacted	-0.21	1.62
premiums	-0.21	1.38
sexual	-0.21	1.15
myth	-0.21	1.94
fashion	-0.21	2.31
manipulate	-0.21	1.85
policy	-0.21	1.53
saying	-0.21	4.78
estimated	-0.21	1.85
secret	-0.21	1.52
lines	-0.21	1.54
continually	-0.21	2.17
challenge	-0.21	1.85
matter	-0.21	3.97
scheme	-0.21	1.72
violent	-0.21	1.42
leader	-0.21	1.14
institutions	-0.21	1.35
move	-0.21	2.25
entitlement	-0.21	1.39
spend	-0.21	1.63
prosecutors	-0.21	1.77
collecting	-0.21	1.80
hypocrite	-0.21	1.67
sink	-0.21	1.48
breaks	-0.21	1.56
enact	-0.21	1.67
minimal	-0.21	1.35
lobbyist	-0.21	1.37
exception	-0.20	2.29
rush	-0.20	1.98
join	-0.20	1.46
burning	-0.20	1.18
accidental	-0.20	1.34
give	-0.20	3.35
pro-choice	-0.20	1.84
assumes	-0.20	2.88
camera	-0.20	1.45
life	-0.20	1.40
prosecution	-0.20	1.81
congressman	-0.20	1.43
force	-0.20	1.58
lobbying	-0.20	1.26
medicaid	-0.20	1.46
convicted	-0.20	1.63
million	-0.20	1.92
modern	-0.20	2.23
receive	-0.20	1.83
affiliation	-0.20	1.81
brings	-0.20	1.45
ability	-0.20	2.42
escape	-0.20	2.09
growing	-0.20	1.28
complex	-0.20	2.19
deficits	-0.20	1.35
budget	-0.19	1.43
willingly	-0.19	2.27
arrests	-0.19	1.64
scenarios	-0.19	1.93
anything	-0.19	3.96
occupy	-0.19	1.55
list	-0.19	1.98
tradition	-0.19	1.51
pool	-0.19	1.46
refused	-0.19	2.39
illegally	-0.19	1.53
felony	-0.19	1.59
ugh	-0.19	2.73
mobility	-0.19	1.39
surrounding	-0.19	1.43
moment	-0.19	2.63
social	-0.19	1.28
deductions	-0.19	1.42
legal	-0.19	1.51
back	-0.19	2.70
measures	-0.19	1.73
until	-0.19	3.00
deciding	-0.19	2.17
doctors	-0.19	1.58
police	-0.19	1.43
richer	-0.19	2.01
unemployment	-0.19	1.35
restriction	-0.19	1.77
when	-0.19	3.56
setting	-0.19	1.60
rule	-0.19	1.83
transparency	-0.18	1.65
yearly	-0.18	1.36
annual	-0.18	1.41
council	-0.18	1.29
applies	-0.18	1.88
implemented	-0.18	1.87
historically	-0.18	1.88
dig	-0.18	2.35
elderly	-0.18	1.39
v	-0.18	1.61
armed	-0.18	1.50
effectively	-0.18	2.39
participation	-0.18	1.38
gang	-0.18	1.26
done	-0.18	4.08
deficit	-0.18	1.37
eliminate	-0.18	1.79
delay	-0.18	1.66
tobacco	-0.18	1.32
turn	-0.18	2.36
grasp	-0.18	2.62
year	-0.18	1.68
produces	-0.18	1.34
programs	-0.18	1.45
island	-0.18	1.14
current	-0.18	1.61
maximum	-0.18	1.46
change	-0.18	2.38
yet	-0.18	4.18
homicides	-0.18	1.42
came	-0.18	2.32
values	-0.18	1.75
lifetime	-0.18	1.38
long	-0.17	2.91
prisoners	-0.17	1.24
violating	-0.17	1.80
short	-0.17	1.94
further	-0.17	2.10
examples	-0.17	2.27
facility	-0.17	1.37
incumbent	-0.17	1.21
victory	-0.17	1.36
barriers	-0.17	1.56
overseas	-0.17	1.44
edge	-0.17	1.62
proved	-0.17	3.25
smoke	-0.17	1.36
loans	-0.17	1.43
ceos	-0.17	1.26
credits	-0.17	1.49
somebody	-0.17	2.94
therefore	-0.17	2.73
starts	-0.17	2.33
volunteer	-0.17	1.22
crimes	-0.17	1.62
limbaugh	-0.17	1.96
moving	-0.17	1.90
joined	-0.17	1.50
ideas	-0.17	1.95
never	-0.17	3.82
damages	-0.17	1.40
counts	-0.17	1.69
try	-0.17	2.79
ordered	-0.17	1.64
enforcing	-0.17	1.68
reid	-0.17	1.30
alcohol	-0.17	1.26
conviction	-0.17	1.78
clause	-0.17	1.94
somewhere	-0.17	2.57
evolution	-0.17	1.91
within	-0.17	1.97
bearing	-0.17	2.37
test	-0.17	1.81
covering	-0.17	1.37
nor	-0.17	3.61
insulting	-0.16	2.27
planning	-0.16	1.55
search	-0.16	1.74
sums	-0.16	1.31
classes	-0.16	1.99
makes	-0.16	2.60
prime	-0.16	1.21
bitching	-0.16	1.92
realistically	-0.16	3.09
hang	-0.16	1.91
eligible	-0.16	1.47
eliminated	-0.16	1.66
happen	-0.16	4.08
badly	-0.16	2.54
insurance	-0.16	1.45
come	-0.16	3.63
suddenly	-0.16	2.66
pot	-0.16	1.29
resistance	-0.16	1.52
worth	-0.16	1.67
rare	-0.16	1.87
narrative	-0.16	1.96
physically	-0.16	1.64
provisions	-0.16	1.70
task	-0.16	2.06
finance	-0.16	1.31
accountability	-0.16	1.83
over	-0.16	2.09
creates	-0.16	1.66
towns	-0.16	1.21
distributed	-0.16	1.42
unemployed	-0.16	1.44
protesters	-0.16	1.42
unable	-0.16	2.32
organizations	-0.16	1.32
studying	-0.16	1.60
palin	-0.15	1.71
65	-0.15	1.17
trial	-0.15	1.83
refusing	-0.15	2.40
solely	-0.15	1.78
purely	-0.15	1.79
board	-0.15	1.30
0	-0.15	1.67
prevent	-0.15	1.92
borrow	-0.15	1.46
gained	-0.15	1.81
qualify	-0.15	1.53
flawed	-0.15	3.05
regulation	-0.15	1.51
monopolies	-0.15	1.60
vacuum	-0.15	1.80
incentive	-0.15	2.13
equivalent	-0.15	2.13
direction	-0.15	1.78
allow	-0.15	2.55
really	-0.15	4.11
member	-0.15	1.25
control	-0.15	1.32
dictate	-0.15	1.93
administrative	-0.15	1.56
motivation	-0.15	1.92
nationwide	-0.15	1.41
remains	-0.15	2.06
said	-0.15	3.19
whatsoever	-0.15	2.63
premium	-0.15	1.42
slowly	-0.15	2.20
peace	-0.15	1.34
entered	-0.14	2.00
dollar	-0.14	1.60
aid	-0.14	1.65
meth	-0.14	1.38
officers	-0.14	1.45
promoting	-0.14	1.77
embarrassed	-0.14	3.44
managed	-0.14	2.52
oath	-0.14	1.87
seek	-0.14	2.34
societal	-0.14	1.57
legislate	-0.14	2.35
die	-0.14	1.57
assistance	-0.14	1.65
collectively	-0.14	1.75
restrictions	-0.14	1.59
residents	-0.14	1.24
spin	-0.14	2.04
aclu	-0.14	1.42
ignorance	-0.14	1.96
performed	-0.14	1.85
schedule	-0.14	1.43
statistically	-0.14	1.93
defense	-0.14	1.79
ordinary	-0.14	1.30
flow	-0.14	1.42
previously	-0.14	2.14
forever	-0.14	2.23
insurers	-0.14	1.46
charges	-0.14	1.73
draw	-0.14	2.11
snap	-0.14	1.46
doctor	-0.14	1.68
drawn	-0.14	1.78
easier	-0.14	2.33
reforms	-0.14	1.65
beck	-0.13	1.85
payroll	-0.13	1.33
views	-0.13	1.84
housing	-0.13	1.10
possibly	-0.13	3.25
accomplished	-0.13	3.11
determine	-0.13	2.57
chose	-0.13	2.37
citizen	-0.13	1.15
association	-0.13	1.32
convictions	-0.13	1.69
face	-0.13	1.61
effective	-0.13	1.91
cast	-0.13	1.59
everyday	-0.13	1.67
dependent	-0.13	1.72
riot	-0.13	1.38
theories	-0.13	2.35
release	-0.13	1.48
entities	-0.13	1.37
coverage	-0.13	1.44
lobby	-0.13	1.39
liability	-0.13	1.54
earn	-0.13	1.81
exchanges	-0.13	1.52
scare	-0.13	1.76
threaten	-0.13	1.76
proposals	-0.13	1.86
feet	-0.13	1.82
donations	-0.13	1.29
floor	-0.13	1.41
enforce	-0.13	1.75
capital	-0.13	1.35
behave	-0.13	1.95
whenever	-0.13	2.30
stamps	-0.13	1.47
air	-0.13	1.25
months	-0.13	2.10
ethics	-0.12	1.82
did	-0.12	3.70
recipients	-0.12	1.54
broken	-0.12	2.15
sense	-0.12	3.13
workplace	-0.12	1.30
insanity	-0.12	1.84
possession	-0.12	1.59
desperately	-0.12	2.41
abroad	-0.12	1.14
marketplace	-0.12	1.44
accepting	-0.12	2.15
pocket	-0.12	1.35
cities	-0.12	1.24
denied	-0.12	1.87
tanks	-0.12	1.30
feds	-0.12	1.64
suspect	-0.12	1.59
jury	-0.12	1.96
rfra	-0.12	1.82
contributions	-0.12	1.29
prosecutor	-0.12	1.90
resources	-0.12	1.60
oil	-0.12	1.24
earning	-0.12	1.53
reality	-0.12	2.43
subsidy	-0.12	1.50
arrest	-0.12	1.62
placed	-0.12	1.84
allows	-0.12	2.27
intentional	-0.12	2.11
directly	-0.12	2.03
enterprise	-0.12	1.39
accidentally	-0.12	1.53
eventually	-0.12	2.76
surplus	-0.12	1.39
factors	-0.12	2.24
reward	-0.12	1.63
indictment	-0.12	1.90
membership	-0.12	1.41
provision	-0.12	1.78
expenditures	-0.12	1.32
guantanamo	-0.12	1.35
dealing	-0.12	1.61
lawful	-0.12	1.61
bankruptcy	-0.12	1.45
select	-0.12	1.76
promise	-0.12	2.55
grand	-0.11	1.96
defending	-0.11	2.42
true	-0.11	4.67
encouraging	-0.11	1.61
fill	-0.11	1.64
i.e	-0.11	1.76
overnight	-0.11	2.66
donation	-0.11	1.30
helps	-0.11	1.99
exists	-0.11	1.92
for-profit	-0.11	1.36
abusing	-0.11	1.62
volume	-0.11	1.48
robbery	-0.11	1.42
beat	-0.11	1.26
theft	-0.11	1.41
mcconnell	-0.11	1.24
revenue	-0.11	1.34
recognize	-0.11	2.61
ii	-0.11	1.61
believing	-0.11	1.62
breaking	-0.11	1.76
admin	-0.11	1.65
county	-0.11	1.33
collect	-0.11	1.57
object	-0.10	1.62
accepted	-0.10	2.10
perhaps	-0.10	3.54
grants	-0.10	1.69
explicitly	-0.10	2.61
planes	-0.10	1.30
slow	-0.10	1.75
improved	-0.10	1.93
exemption	-0.10	1.64
turned	-0.10	2.09
raise	-0.10	1.34
falls	-0.10	1.80
example	-0.10	2.49
persons	-0.10	1.75
even	-0.10	4.04
maximize	-0.10	1.55
pipeline	-0.10	1.36
businesses	-0.10	1.49
organize	-0.10	1.63
help	-0.10	3.19
guarantee	-0.10	3.21
miles	-0.10	1.78
thinking	-0.10	2.99
deductible	-0.10	1.37
churches	-0.10	1.20
lean	-0.10	1.62
regulated	-0.10	2.06
medicare	-0.10	1.44
common	-0.10	2.30
steps	-0.10	2.01
prosperity	-0.10	1.28
conducted	-0.10	2.16
systems	-0.09	1.75
warming	-0.09	1.93
bargaining	-0.09	1.53
scott	-0.09	1.25
apply	-0.09	1.90
prices	-0.09	1.32
determining	-0.09	2.51
wasting	-0.09	2.00
which	-0.09	3.85
nuclear	-0.09	1.23
expectations	-0.09	1.87
strict	-0.09	1.75
pills	-0.09	1.44
sector	-0.09	1.33
whining	-0.09	1.66
va	-0.09	1.52
leadership	-0.09	1.46
keystone	-0.09	1.39
theory	-0.09	2.29
industry	-0.09	1.38
angle	-0.09	2.24
pressure	-0.09	1.40
instantly	-0.09	2.68
religions	-0.09	1.38
scrutiny	-0.09	1.75
meanwhile	-0.09	3.10
costs	-0.09	1.40
non-profit	-0.09	1.34
negotiate	-0.09	1.79
course	-0.09	4.32
expensive	-0.08	2.01
exist	-0.08	3.16
realizing	-0.08	2.58
bc	-0.08	1.39
charge	-0.08	1.63
scene	-0.08	1.58
collective	-0.08	1.57
blocking	-0.08	1.50
bans	-0.08	1.42
mitch	-0.08	1.24
achieved	-0.08	2.15
allowing	-0.08	2.31
debt	-0.08	1.47
weight	-0.08	1.66
likelihood	-0.08	1.72
incentives	-0.08	1.66
month	-0.08	1.61
paranoid	-0.08	2.06
corps	-0.08	1.20
heavy	-0.08	1.44
implementing	-0.08	1.62
asshole	-0.08	2.07
self	-0.08	1.75
officially	-0.08	2.27
poll	-0.08	1.83
receiving	-0.08	1.72
federally	-0.08	1.41
prior	-0.08	2.12
direct	-0.08	1.48
buck	-0.08	1.82
awareness	-0.08	1.94
obamacare	-0.08	1.50
douche	-0.08	2.12
travel	-0.07	1.43
quickly	-0.07	2.67
returns	-0.07	1.39
experienced	-0.07	1.53
regardless	-0.07	2.19
whereas	-0.07	1.90
artificial	-0.07	1.54
attorney	-0.07	1.58
net	-0.07	1.56
financing	-0.07	1.30
he	-0.07	2.98
subsidies	-0.07	1.51
applied	-0.07	2.07
unlikely	-0.07	2.33
akin	-0.07	1.85
dealt	-0.07	2.26
unacceptable	-0.07	3.40
rude	-0.07	2.22
drive	-0.07	1.35
holes	-0.07	1.69
handled	-0.07	2.32
pacs	-0.07	1.29
regular	-0.07	1.65
saving	-0.07	1.47
immediately	-0.07	2.66
confirmed	-0.07	2.35
validity	-0.07	2.48
drove	-0.07	1.45
opponents	-0.07	1.59
smoking	-0.07	1.39
nypd	-0.07	1.44
skin	-0.07	1.32
tests	-0.07	1.76
notion	-0.07	2.42
unprecedented	-0.07	1.55
mutually	-0.07	2.37
viewpoint	-0.07	1.99
agent	-0.07	1.37
labels	-0.07	1.46
rep	-0.06	1.26
plans	-0.06	1.47
registered	-0.06	1.50
last	-0.06	2.20
voter	-0.06	1.66
once	-0.06	3.15
speeding	-0.06	1.52
needing	-0.06	2.43
meet	-0.06	1.87
acknowledge	-0.06	2.82
avoid	-0.06	2.14
map	-0.06	1.63
laughing	-0.06	3.30
reform	-0.06	1.71
stamp	-0.06	1.52
harder	-0.06	2.39
priorities	-0.06	1.93
donors	-0.06	1.21
also	-0.06	4.33
distance	-0.06	1.66
availability	-0.06	1.58
comply	-0.06	1.97
appeals	-0.06	1.44
mile	-0.06	1.56
polls	-0.06	1.72
measure	-0.06	1.97
contraceptives	-0.06	1.35
unions	-0.06	1.46
least	-0.06	3.61
rid	-0.06	1.92
aca	-0.06	1.50
tear	-0.06	1.45
announced	-0.06	2.14
recession	-0.06	1.48
permission	-0.06	1.97
regulations	-0.06	1.68
applicable	-0.05	2.04
false	-0.05	3.06
away	-0.05	2.60
climate	-0.05	1.98
approach	-0.05	2.00
felon	-0.05	1.56
selected	-0.05	1.73
repeat	-0.05	2.58
ticket	-0.05	1.43
chairman	-0.05	1.27
learn	-0.05	2.41
ban	-0.05	1.42
quo	-0.05	1.60
starting	-0.05	2.34
payments	-0.05	1.42
long-term	-0.05	1.61
excess	-0.05	1.41
area	-0.05	1.27
return	-0.05	1.59
puts	-0.05	1.82
career	-0.05	1.50
starve	-0.05	1.70
dying	-0.05	1.58
dispute	-0.05	2.57
than	-0.05	2.55
contribution	-0.05	1.32
mandates	-0.05	1.61
methods	-0.05	1.57
create	-0.05	1.89
facilities	-0.05	1.38
hole	-0.05	1.91
entitled	-0.05	1.62
disappear	-0.05	2.66
near	-0.05	1.81
constitutes	-0.04	2.56
restricted	-0.04	1.67
science	-0.04	1.90
actually	-0.04	4.18
100k	-0.04	1.48
ballot	-0.04	1.62
shown	-0.04	2.94
chance	-0.04	2.46
altogether	-0.04	1.96
weapons	-0.04	1.40
bold	-0.04	3.02
swat	-0.04	1.37
sudden	-0.04	1.87
shutting	-0.04	1.64
readily	-0.04	1.86
competition	-0.04	1.47
etc	-0.04	1.51
charity	-0.04	1.59
bull	-0.04	1.86
foot	-0.04	1.59
plant	-0.04	1.22
raises	-0.04	1.30
positions	-0.04	1.61
discussed	-0.04	2.51
michael	-0.04	1.34
guard	-0.04	1.24
plane	-0.04	1.44
monthly	-0.04	1.37
funding	-0.04	1.44
funded	-0.04	1.29
gitmo	-0.04	1.47
driving	-0.04	1.31
motive	-0.04	2.05
bring	-0.04	2.72
quality	-0.04	1.55
go	-0.03	3.66
immigrant	-0.03	1.10
revenues	-0.03	1.33
expenses	-0.03	1.39
form	-0.03	2.19
tune	-0.03	1.87
imagine	-0.03	3.67
anytime	-0.03	3.31
took	-0.03	2.33
documents	-0.03	1.75
traffic	-0.03	1.48
enormous	-0.03	1.73
obligation	-0.03	2.05
york	-0.03	1.29
collected	-0.03	1.58
gas	-0.03	1.31
investors	-0.03	1.40
presence	-0.03	1.42
complaints	-0.03	1.91
printing	-0.03	1.42
scam	-0.03	1.68
through	-0.03	1.94
break	-0.03	2.49
exempt	-0.03	1.57
heat	-0.03	1.30
natural	-0.03	1.44
ways	-0.03	2.45
hitting	-0.03	1.46
margins	-0.03	1.45
fake	-0.03	1.77
continue	-0.03	2.69
relation	-0.03	1.64
testing	-0.03	1.79
security	-0.03	1.40
covered	-0.03	1.39
them	-0.02	3.40
neutrality	-0.02	1.67
propose	-0.02	2.13
counting	-0.02	1.68
establish	-0.02	1.96
status	-0.02	1.51
forms	-0.02	1.64
cover	-0.02	1.44
health	-0.02	1.49
owe	-0.02	1.55
held	-0.02	1.64
witnesses	-0.02	1.99
industries	-0.02	1.38
far	-0.02	3.00
cost	-0.02	1.42
piece	-0.02	2.02
implement	-0.02	1.90
something	-0.02	4.18
inevitable	-0.02	1.57
barrel	-0.02	1.48
allowed	-0.01	2.79
besides	-0.01	2.54
realize	-0.01	4.12
mind	-0.01	3.82
times	-0.01	2.18
wilson	-0.01	1.67
choosing	-0.01	1.97
naturally	-0.01	1.79
educational	-0.01	1.60
window	-0.01	1.81
50k	-0.01	1.51
patrol	-0.01	1.42
judge	-0.01	1.69
paying	-0.01	1.77
know	-0.01	4.31
improve	-0.01	1.95
morality	-0.01	1.82
anonymous	-0.01	1.52
investment	-0.01	1.44
donate	-0.01	1.25
chair	-0.01	1.40
felt	-0.01	2.34
basic	-0.01	2.14
now	-0.01	4.35
taken	-0.01	3.06
before	-0.01	2.89
survival	-0.01	1.51
want	-0.01	3.68
prescription	-0.01	1.41
based	-0.01	2.29
resist	-0.01	1.70
voluntarily	-0.01	2.04
concrete	-0.01	2.27
opinion	-0.01	2.02
empathy	-0.01	1.99
able	-0.01	2.90
financially	-0.00	2.07
recall	-0.00	2.15
invest	-0.00	1.49
why	-0.00	4.28
takes	-0.00	2.43
mike	-0.00	1.27
careers	-0.00	1.47
anymore	-0.00	3.86
hardly	-0.00	2.78
currency	-0.00	1.36
profitable	-0.00	1.66
things	-0.00	3.86
generate	-0.00	1.43
implementation	-0.00	1.65
shots	-0.00	1.57
relatively	0.00	2.10
ss	0.00	1.44
mandate	0.00	1.55
take	0.00	3.35
fit	0.00	2.08
say	0.00	4.35
vast	0.00	1.50
criteria	0.00	2.51
agreement	0.00	2.17
threatening	0.00	1.69
funds	0.00	1.40
kinda	0.00	3.47
doctrine	0.00	1.49
manufactured	0.00	1.30
magically	0.00	2.84
caught	0.00	1.97
firing	0.00	1.47
panel	0.00	1.62
duties	0.00	1.74
males	0.00	1.19
abuses	0.00	1.92
inflation	0.00	1.38
press	0.00	1.84
coal	0.01	1.24
moron	0.01	2.25
next	0.01	2.65
pretending	0.01	2.87
target	0.01	1.26
cdc	0.01	1.77
compete	0.01	1.44
understand	0.01	3.83
hobby	0.01	1.43
fund	0.01	1.60
signing	0.01	2.07
testimony	0.01	2.10
bucks	0.01	1.89
admit	0.01	3.87
call	0.01	2.66
thrown	0.01	1.79
trading	0.01	1.35
intend	0.01	2.76
lethal	0.01	1.72
coming	0.01	2.72
bust	0.01	1.46
reasons	0.01	2.42
monopoly	0.01	1.56
performance	0.01	1.61
ship	0.01	1.55
doing	0.01	3.83
document	0.01	2.36
christians	0.01	1.59
enforced	0.01	1.83
resisting	0.01	1.59
pretend	0.01	3.88
selective	0.01	2.18
leg	0.01	1.63
thus	0.01	1.91
then	0.01	3.96
remotely	0.01	2.68
controlling	0.01	1.58
process	0.01	1.73
supply	0.01	1.46
lawsuit	0.01	1.73
measured	0.02	2.09
him	0.02	2.34
massive	0.02	1.61
identity	0.02	1.72
expect	0.02	3.86
shoot	0.02	1.51
perform	0.02	1.79
arresting	0.02	1.57
implications	0.02	2.21
selection	0.02	1.88
payment	0.02	1.44
fcc	0.02	1.53
ends	0.02	2.35
arm	0.02	1.73
past	0.02	2.20
achieve	0.02	1.92
absentee	0.02	1.74
retire	0.02	1.46
credibility	0.02	2.10
told	0.02	2.27
flying	0.02	1.36
photo	0.02	1.82
subsidized	0.02	1.52
promises	0.02	2.01
mandated	0.02	1.64
certainly	0.02	4.15
requirements	0.02	1.91
compliance	0.02	1.74
opt	0.02	1.68
equipment	0.02	1.40
asset	0.02	1.36
removing	0.02	1.72
christian	0.02	1.47
still	0.02	4.33
however	0.02	4.30
begins	0.03	1.85
detroit	0.03	1.28
opportunities	0.03	1.67
only	0.03	4.15
donating	0.03	1.20
profit	0.03	1.56
assault	0.03	1.55
ballots	0.03	1.70
shareholders	0.03	1.44
weather	0.03	1.70
voice	0.03	1.91
dc	0.03	1.29
experiences	0.03	1.59
bullet	0.03	1.50
operate	0.03	1.87
polling	0.03	1.71
mere	0.03	2.27
deeper	0.03	2.27
officer	0.03	1.57
involved	0.03	1.97
gotten	0.03	3.04
subsidizing	0.03	1.57
released	0.03	1.90
letting	0.04	2.79
put	0.04	2.28
standard	0.04	1.67
city	0.04	1.27
carried	0.04	1.66
voluntary	0.04	2.05
investments	0.04	1.43
math	0.04	2.11
must	0.04	2.91
necessary	0.04	2.15
think	0.04	4.29
eye	0.04	1.75
less	0.04	2.56
savings	0.04	1.41
morals	0.04	1.76
shifts	0.04	1.83
meetings	0.04	1.63
stock	0.04	1.35
plausible	0.04	2.37
obligations	0.04	1.82
dismissed	0.04	2.18
constantly	0.04	2.16
abortion	0.04	1.24
glenn	0.04	1.74
found	0.04	2.42
gaining	0.04	2.16
contractors	0.04	1.45
turning	0.04	1.92
choose	0.04	2.30
crowd	0.04	1.66
plan	0.04	1.48
stocks	0.04	1.39
ride	0.04	1.48
horse	0.04	1.68
investing	0.04	1.44
given	0.05	2.36
religious	0.05	1.32
goal	0.05	2.04
chicago	0.05	1.28
twice	0.05	2.65
soon	0.05	3.05
profits	0.05	1.40
match	0.05	1.96
changed	0.05	2.77
exclusively	0.05	1.97
manipulation	0.05	1.87
functioning	0.05	1.53
ties	0.05	1.07
issued	0.05	1.77
crack	0.05	1.41
vehicle	0.05	1.32
pac	0.05	1.22
sway	0.05	1.84
unarmed	0.05	1.36
aim	0.05	1.91
counted	0.05	1.76
campaigns	0.05	1.24
healthcare	0.05	1.55
future	0.05	1.91
shit	0.05	2.85
proposal	0.05	2.08
stream	0.05	1.44
years	0.05	2.16
sand	0.05	1.70
educate	0.05	2.51
problem	0.05	2.66
advocating	0.05	2.86
opinions	0.05	1.93
sue	0.06	1.58
probably	0.06	4.18
desk	0.06	1.66
contribute	0.06	1.57
skills	0.06	1.84
invented	0.06	1.80
ages	0.06	1.19
contracts	0.06	1.88
manage	0.06	2.46
competitive	0.06	1.52
needed	0.06	2.89
benefits	0.06	1.46
wo	0.06	3.59
hostile	0.06	1.81
fda	0.06	1.51
teaching	0.06	1.76
should	0.06	3.77
problems	0.06	2.19
licenses	0.06	1.66
ca	0.06	3.51
handle	0.06	2.45
creation	0.06	1.62
capacity	0.06	1.60
underlying	0.06	2.43
bullets	0.06	1.51
felons	0.06	1.62
considering	0.06	3.45
d	0.06	3.95
uphold	0.06	1.79
out	0.06	2.76
light	0.07	1.57
trigger	0.07	1.68
magic	0.07	1.78
segment	0.07	1.54
<URL>	0.07	1.46
<SPECIAL>	0.07	1.46
profession	0.07	1.52
will	0.07	3.42
table	0.07	1.72
witness	0.07	2.07
union	0.07	1.48
begin	0.07	2.99
aircraft	0.07	1.38
acted	0.07	2.08
roll	0.07	2.04
personhood	0.07	1.71
filling	0.07	1.71
dirt	0.07	1.46
mayor	0.07	1.34
generated	0.07	1.39
tank	0.07	1.37
operating	0.07	1.67
necessarily	0.07	3.93
make	0.07	3.73
difference	0.07	3.37
precisely	0.08	3.33
see	0.08	4.18
relies	0.08	2.30
square	0.08	1.55
concealed	0.08	1.59
humans	0.08	1.46
bay	0.08	1.38
warren	0.08	1.16
spoken	0.08	2.36
deal	0.08	2.17
closely	0.08	1.71
communications	0.08	1.58
centers	0.08	1.35
encouraged	0.08	1.90
much	0.08	3.12
perception	0.08	2.13
existence	0.08	1.84
student	0.08	1.47
knife	0.08	1.57
figure	0.08	3.72
ago	0.08	2.15
around	0.08	2.22
present	0.08	2.11
lacking	0.08	2.17
institute	0.08	1.48
heritage	0.08	1.37
maybe	0.08	4.13
equate	0.09	2.66
serve	0.09	2.02
drivers	0.09	1.56
easily	0.09	2.67
projects	0.09	1.43
attend	0.09	1.38
produced	0.09	1.31
appealing	0.09	1.68
addition	0.09	2.02
principle	0.09	1.93
aimed	0.09	1.89
driver	0.09	1.58
charter	0.09	1.51
host	0.09	1.53
lately	0.09	3.28
live	0.09	1.80
system	0.09	1.91
danger	0.09	1.80
ll	0.09	3.64
functions	0.09	1.77
subsidize	0.09	1.53
category	0.09	2.14
seconds	0.09	2.25
hearing	0.09	2.40
flight	0.09	1.48
vehicles	0.09	1.35
supposedly	0.09	1.71
trained	0.09	1.96
red	0.09	1.30
holding	0.09	1.87
rounds	0.09	1.59
demand	0.09	1.40
need	0.09	3.54
salary	0.09	1.46
well	0.09	3.96
till	0.10	2.58
locations	0.10	1.49
settled	0.10	1.99
audience	0.10	1.67
hack	0.10	1.95
building	0.10	1.34
asses	0.10	1.99
build	0.10	1.45
corporation	0.10	1.48
applying	0.10	1.97
though	0.10	4.34
cents	0.10	1.73
merit	0.10	2.21
beliefs	0.10	1.69
controls	0.10	1.69
protect	0.10	1.82
private	0.10	1.39
media	0.10	1.79
executives	0.10	1.34
entry	0.10	1.48
penalties	0.10	1.93
carry	0.11	1.65
campaign	0.11	1.24
nevada	0.11	1.17
moved	0.11	1.71
complain	0.11	2.48
experience	0.11	1.84
teeth	0.11	1.72
how	0.11	3.83
place	0.11	3.76
companies	0.11	1.43
enter	0.11	2.07
down	0.11	2.11
specifically	0.11	3.01
flip	0.11	1.76
meeting	0.11	1.53
streets	0.11	1.48
remind	0.11	2.16
up	0.11	2.81
competitors	0.11	1.48
received	0.11	2.06
labor	0.11	1.36
invested	0.11	1.44
elizabeth	0.11	1.17
prove	0.11	3.48
salaries	0.11	1.38
physical	0.12	1.38
highway	0.12	1.42
journalists	0.12	1.69
actual	0.12	2.24
price	0.12	1.34
ed	0.12	1.42
demonstrate	0.12	2.76
space	0.12	1.32
offenders	0.12	1.83
showed	0.12	2.42
nose	0.12	1.74
strictly	0.12	2.16
reported	0.12	2.09
belief	0.12	1.80
definitely	0.12	3.85
humanity	0.12	1.80
needs	0.12	2.71
faster	0.12	2.20
likely	0.12	2.76
frame	0.12	2.35
concepts	0.12	2.51
blood	0.12	1.40
balance	0.12	1.59
covers	0.12	1.54
allies	0.12	1.54
resource	0.12	1.39
developing	0.12	1.53
sacrifice	0.13	1.37
neither	0.13	3.42
feel	0.13	3.26
may	0.13	3.89
bothered	0.13	3.66
noticed	0.13	2.67
time	0.13	3.09
whether	0.13	3.08
suggest	0.13	3.65
nyc	0.13	1.29
statute	0.13	2.66
carriers	0.13	1.65
required	0.13	2.20
employment	0.13	1.35
cop	0.13	1.79
speed	0.13	1.56
assets	0.13	1.43
consumer	0.13	1.33
jumping	0.13	2.06
integrity	0.14	1.88
trends	0.14	2.08
outside	0.14	1.97
injuries	0.14	1.28
schools	0.14	1.43
aspects	0.14	2.25
apples	0.14	1.70
survey	0.14	2.16
machine	0.14	1.57
worked	0.14	1.69
sign	0.14	2.34
contract	0.14	2.24
dmv	0.14	1.72
hyperbole	0.14	2.10
school	0.14	1.50
prisons	0.14	1.42
requires	0.14	2.06
rail	0.14	1.48
minutes	0.14	2.30
repeated	0.14	2.47
goals	0.14	2.05
rely	0.14	1.75
suing	0.14	1.71
argue	0.14	4.04
finger	0.14	1.85
stronger	0.15	2.04
confuse	0.15	2.50
deaths	0.15	1.29
contraception	0.15	1.40
incorrect	0.15	4.67
road	0.15	1.40
value	0.15	1.47
pull	0.15	2.15
perfectly	0.15	2.47
billionaires	0.15	1.40
mission	0.15	2.07
employers	0.15	1.53
weapon	0.15	1.59
la	0.15	1.45
bonus	0.15	1.40
hint	0.15	3.30
learning	0.15	1.97
instance	0.15	2.46
pay	0.15	1.45
strongly	0.15	2.23
prepared	0.15	2.74
execution	0.15	1.59
bundy	0.15	1.52
code	0.15	1.92
local	0.15	1.26
automatically	0.15	3.08
prevents	0.16	2.06
automatic	0.16	1.55
hunt	0.16	1.40
gave	0.16	2.29
theoretically	0.16	2.23
benghazi	0.16	1.76
card	0.16	1.79
bus	0.16	1.56
condoms	0.16	1.29
bound	0.16	2.01
accounts	0.16	1.58
skill	0.16	1.69
requirement	0.16	1.91
shared	0.16	1.35
perspective	0.16	2.39
normally	0.16	2.12
information	0.16	1.98
sufficient	0.16	2.15
scientific	0.16	2.15
tuition	0.16	1.42
club	0.16	1.29
fairness	0.16	1.75
fees	0.17	1.56
although	0.17	3.61
valuable	0.17	1.85
proposing	0.17	2.15
solve	0.17	2.52
creating	0.17	1.69
connections	0.17	1.42
bulk	0.17	1.61
catholic	0.17	1.29
always	0.17	4.07
fly	0.17	1.91
root	0.17	2.24
buys	0.17	2.09
understanding	0.17	2.72
built	0.17	1.49
sen	0.17	1.27
citizenship	0.17	1.44
public	0.17	1.37
intentions	0.17	2.45
gear	0.17	1.33
alone	0.17	3.13
cards	0.17	1.68
evidence	0.17	2.69
american	0.17	1.34
bags	0.17	1.58
fuel	0.17	1.42
listen	0.17	2.56
train	0.18	1.62
hour	0.18	1.85
totally	0.18	2.96
criticism	0.18	1.89
curve	0.18	1.82
new	0.18	1.24
could	0.18	3.72
requiring	0.18	2.00
touch	0.18	2.57
duty	0.18	1.68
switch	0.18	1.88
unwilling	0.18	2.52
pulling	0.18	2.02
yourself	0.18	2.94
hopefully	0.18	2.83
carrying	0.18	1.72
truck	0.18	1.45
anyway	0.18	4.20
cops	0.18	1.65
masters	0.18	1.32
replacement	0.18	1.69
knowledge	0.18	2.06
entering	0.19	1.71
economist	0.19	1.89
reason	0.19	3.70
economists	0.19	1.81
disposable	0.19	1.29
show	0.19	2.35
device	0.19	1.64
makers	0.19	1.41
beings	0.19	1.48
dry	0.19	1.39
trucks	0.19	1.47
plants	0.19	1.33
develop	0.19	1.44
avoiding	0.19	2.10
appear	0.19	2.76
electric	0.19	1.34
carrier	0.19	1.68
staff	0.19	1.43
contributing	0.19	1.77
burn	0.19	1.78
themselves	0.19	2.45
chief	0.19	1.39
ids	0.19	1.87
doubt	0.19	3.79
stress	0.19	1.57
pension	0.19	1.50
statements	0.19	3.29
means	0.19	4.05
consumers	0.19	1.34
drawing	0.19	2.28
options	0.19	2.20
length	0.19	2.13
permit	0.19	1.78
leave	0.19	2.87
speak	0.19	2.82
project	0.19	1.44
points	0.20	2.58
judgment	0.20	2.12
walk	0.20	1.66
consensus	0.20	2.12
degrees	0.20	1.53
factories	0.20	1.35
stories	0.20	2.48
willing	0.20	2.90
owners	0.20	1.46
obligated	0.20	2.48
education	0.20	1.45
eric	0.20	1.42
firms	0.20	1.33
beast	0.20	1.42
behind	0.20	2.13
native	0.20	1.62
license	0.20	1.79
graph	0.20	2.58
wages	0.20	1.28
seattle	0.20	1.31
count	0.20	2.63
colleges	0.21	1.45
identification	0.21	1.91
minute	0.21	2.34
providers	0.21	1.61
looked	0.21	2.30
remove	0.21	2.30
seeking	0.21	2.38
grab	0.21	1.77
subjects	0.21	2.14
id	0.21	1.93
asked	0.21	2.60
incapable	0.21	2.60
campaigning	0.21	1.17
obtain	0.21	1.81
cameras	0.21	1.52
supplies	0.21	1.31
names	0.21	1.97
function	0.21	1.90
jail	0.21	2.33
auto	0.21	1.38
successfully	0.21	2.79
electricity	0.21	1.40
consumption	0.21	1.39
construction	0.21	1.42
pistol	0.21	1.59
sued	0.21	1.59
stealing	0.21	1.29
pelosi	0.21	1.23
manufacturing	0.21	1.38
round	0.21	1.59
footage	0.21	1.86
professionals	0.22	1.74
certificate	0.22	1.91
lack	0.22	2.01
lawyers	0.22	1.62
default	0.22	1.73
preference	0.22	1.56
workforce	0.22	1.38
college	0.22	1.49
correlation	0.22	2.69
hear	0.22	2.94
universities	0.22	1.46
serves	0.22	2.23
puppet	0.22	1.32
off	0.22	2.36
fire	0.22	1.52
feasible	0.22	2.09
biased	0.22	2.46
standpoint	0.22	2.18
finished	0.22	1.91
somehow	0.22	3.69
san	0.22	1.33
wind	0.22	1.40
exchange	0.22	1.58
address	0.22	2.55
reached	0.22	1.99
practical	0.22	1.85
transport	0.22	1.51
leaving	0.22	1.92
consume	0.22	1.33
another	0.22	1.74
blue	0.22	1.32
hiring	0.22	1.42
weak	0.23	2.41
blow	0.23	2.22
employ	0.23	1.45
guns	0.23	1.51
forgotten	0.23	2.61
react	0.23	2.23
rifles	0.23	1.55
age	0.23	1.32
idiot	0.23	2.10
ownership	0.23	1.36
head	0.23	1.83
abiding	0.23	1.51
ideal	0.23	1.80
psychological	0.23	1.53
services	0.23	1.61
refuse	0.23	2.67
isps	0.23	1.70
statistic	0.23	2.71
produce	0.23	1.40
purposes	0.23	1.92
rules	0.23	1.94
model	0.23	2.14
provide	0.23	2.11
mechanism	0.23	1.82
color	0.23	1.31
relying	0.23	2.07
throw	0.23	1.94
panels	0.23	1.41
picked	0.23	1.97
results	0.23	2.20
assume	0.23	4.23
without	0.24	2.45
improving	0.24	1.75
car	0.24	1.25
accusations	0.24	2.08
consider	0.24	3.69
access	0.24	1.64
hanging	0.24	1.73
jump	0.24	2.47
typical	0.24	1.96
tools	0.24	1.80
economic	0.24	1.60
teachers	0.24	1.54
includes	0.24	2.12
gasoline	0.24	1.31
attached	0.24	1.88
storage	0.25	1.51
register	0.25	1.73
tell	0.25	4.01
going	0.25	3.90
outcomes	0.25	1.98
employed	0.25	1.49
hold	0.25	2.33
occasionally	0.25	1.83
applications	0.25	1.81
adjust	0.25	2.09
days	0.25	2.37
bridges	0.25	1.48
shape	0.25	2.25
demonstrated	0.25	2.80
engage	0.25	1.76
sticking	0.25	1.82
indication	0.25	3.03
strong	0.25	1.83
ammo	0.25	1.51
workers	0.25	1.40
wet	0.25	1.45
strip	0.25	1.54
lights	0.25	1.58
fossil	0.25	1.48
loaded	0.25	1.80
stopping	0.25	2.40
thin	0.25	1.63
penalty	0.25	2.33
addresses	0.25	2.29
wonder	0.25	3.70
closing	0.25	1.52
trusted	0.26	2.53
stability	0.26	1.41
buildings	0.26	1.34
sex	0.26	1.20
weeks	0.26	2.28
merely	0.26	3.55
sun	0.26	1.37
infrastructure	0.26	1.47
hire	0.26	1.48
students	0.26	1.52
part	0.26	2.45
mining	0.26	1.29
customers	0.26	1.55
business	0.26	1.51
handgun	0.26	1.61
skilled	0.26	1.54
adding	0.26	1.81
share	0.26	1.58
punch	0.26	1.71
organic	0.26	1.19
adopted	0.26	1.61
rifle	0.27	1.59
complaint	0.27	1.95
birth	0.27	1.30
pick	0.27	2.07
producing	0.27	1.57
biological	0.27	1.26
provides	0.27	1.81
referred	0.27	2.65
dark	0.27	1.37
ignoring	0.27	3.00
training	0.27	1.81
possibility	0.27	2.18
necessity	0.27	1.84
figures	0.27	2.37
pipe	0.27	1.51
someones	0.27	1.78
armor	0.27	1.43
harry	0.27	1.51
fingers	0.27	1.93
pointed	0.27	2.63
zone	0.27	1.92
plus	0.27	1.74
look	0.27	3.29
solar	0.27	1.43
pensions	0.28	1.48
fuels	0.28	1.51
additional	0.28	1.76
issue	0.28	2.70
compensation	0.28	1.43
christianity	0.28	1.56
later	0.28	2.51
watched	0.28	1.55
speaker	0.28	1.89
room	0.28	1.53
gm	0.28	1.22
worker	0.28	1.38
gladly	0.28	2.72
claiming	0.28	3.26
prison	0.28	1.84
relationships	0.28	0.99
participate	0.28	2.17
gather	0.28	1.98
full-time	0.28	1.39
expected	0.28	3.07
might	0.28	3.89
pill	0.28	1.44
billionaire	0.28	1.42
reaching	0.28	1.67
tape	0.29	1.95
hands	0.29	1.91
accuse	0.29	1.58
french	0.29	1.51
bother	0.29	3.66
contractor	0.29	1.44
quit	0.29	2.61
absence	0.29	2.63
aggressive	0.29	1.92
require	0.29	2.11
application	0.29	1.95
heads	0.29	1.92
agreed	0.29	3.07
illusion	0.29	1.99
apparent	0.29	2.40
hill	0.29	1.39
brought	0.29	2.29
tool	0.30	1.70
graduates	0.30	1.43
factor	0.30	2.16
roof	0.30	1.33
progress	0.30	1.70
john	0.30	1.37
issues	0.30	2.51
essential	0.30	1.95
defensive	0.30	2.06
fiber	0.30	1.67
isp	0.30	1.66
managers	0.30	1.52
explained	0.30	2.75
electronic	0.30	1.59
claims	0.30	3.17
generations	0.30	1.60
emotional	0.30	1.72
honestly	0.30	3.83
already	0.30	3.52
threatened	0.30	2.29
tends	0.30	2.10
facts	0.31	3.10
goods	0.31	1.30
liberals	0.31	3.02
convenience	0.31	1.37
unskilled	0.31	1.40
protecting	0.31	1.77
maintenance	0.31	1.52
putting	0.31	2.06
ie	0.31	2.11
jerk	0.31	2.12
sooner	0.31	3.21
paid	0.31	1.44
created	0.31	1.74
worthy	0.31	1.96
millennials	0.31	1.21
contrary	0.31	3.03
communication	0.31	1.62
magical	0.31	1.66
industrial	0.31	1.43
worry	0.31	3.88
close	0.31	2.16
mandatory	0.32	1.78
fox	0.32	1.79
service	0.32	1.66
fee	0.32	1.59
understood	0.32	3.14
roads	0.32	1.40
slight	0.32	2.37
wouldnt	0.32	3.30
complaining	0.32	2.56
bias	0.32	1.94
hours	0.32	2.09
legitimately	0.32	3.12
filed	0.32	1.76
emotion	0.32	2.09
retirement	0.33	1.42
utility	0.33	1.58
knock	0.33	1.64
outlets	0.33	1.87
answer	0.33	3.80
educated	0.33	1.92
element	0.33	2.13
feeling	0.33	2.30
employer	0.33	1.52
jobs	0.33	1.50
crappy	0.33	2.32
wage	0.33	1.29
making	0.33	2.92
research	0.33	1.98
connection	0.33	1.70
magazine	0.33	1.67
rape	0.34	1.34
scientists	0.34	2.03
drunk	0.34	1.56
comprehensive	0.34	1.64
poorly	0.34	2.73
convince	0.34	2.68
chosen	0.34	1.99
product	0.34	1.29
inform	0.34	2.78
gun	0.34	1.48
estimates	0.34	2.38
accounting	0.34	1.65
giving	0.34	2.40
factory	0.34	1.37
proves	0.34	3.51
demanding	0.35	2.16
barely	0.35	1.59
appropriate	0.35	2.37
bare	0.35	1.45
went	0.35	1.84
meaningful	0.35	2.01
cherry	0.35	2.44
production	0.35	1.47
hand	0.35	1.90
providing	0.35	1.76
step	0.35	2.20
professors	0.35	1.62
employees	0.35	1.43
wish	0.35	3.68
proof	0.35	3.02
sane	0.35	1.81
lists	0.35	1.89
kicking	0.36	1.80
throwing	0.36	1.67
comcast	0.36	1.68
olds	0.36	1.57
according	0.36	2.25
data	0.36	2.34
bag	0.36	1.71
success	0.36	1.75
abortions	0.36	1.30
explain	0.36	3.74
working	0.36	1.50
judgement	0.37	2.09
designed	0.37	2.58
cigarettes	0.37	1.30
disagree	0.37	4.68
emails	0.37	1.83
assertion	0.37	3.45
radio	0.37	1.84
utilities	0.37	1.41
harvard	0.37	1.58
farms	0.37	1.27
odd	0.37	3.32
grid	0.37	1.47
jones	0.37	1.65
ethical	0.37	1.79
1	0.37	1.73
firearm	0.37	1.50
box	0.37	1.65
usual	0.37	1.96
energy	0.37	1.55
shelter	0.37	1.48
aspect	0.37	2.25
reports	0.37	2.35
solving	0.37	2.34
flaws	0.37	2.61
survive	0.37	1.32
uses	0.38	2.37
balanced	0.38	1.98
work	0.38	1.72
description	0.38	2.44
paperwork	0.38	1.79
young	0.38	1.29
town	0.38	1.37
differently	0.38	2.77
single-payer	0.38	1.90
pursue	0.38	1.72
hit	0.38	1.75
lame	0.38	2.12
let	0.38	3.30
maintain	0.38	1.62
min	0.38	1.29
realistic	0.38	2.00
medicine	0.38	1.49
registration	0.38	1.78
professor	0.38	1.74
glass	0.38	1.50
video	0.38	1.61
sentences	0.38	2.04
job	0.38	1.36
cbo	0.38	2.26
finish	0.38	2.17
verizon	0.38	1.71
cheap	0.39	1.50
suggested	0.39	2.80
attacks	0.39	1.68
report	0.39	2.20
usps	0.39	1.84
checked	0.39	2.13
hell	0.39	3.98
stopped	0.39	2.53
advance	0.39	1.85
academic	0.39	1.88
hope	0.39	3.57
details	0.39	2.40
intended	0.39	2.84
described	0.39	2.45
grow	0.39	1.34
fix	0.40	2.96
anecdotal	0.40	3.25
presumably	0.40	1.98
chances	0.40	2.21
getting	0.40	3.03
graduate	0.40	1.53
grown	0.40	1.14
journalist	0.40	1.81
trick	0.40	1.58
discuss	0.40	2.83
phone	0.40	1.77
corner	0.40	1.62
da	0.40	1.87
reporting	0.40	2.17
shut	0.40	1.95
videos	0.40	1.66
week	0.40	2.08
amp	0.40	1.98
kochs	0.40	1.45
management	0.41	1.42
active	0.41	1.59
confused	0.41	3.87
premise	0.41	3.20
resident	0.41	1.51
nj	0.41	1.62
degree	0.41	1.55
seat	0.41	1.39
factually	0.41	4.86
dare	0.41	2.41
journal	0.41	2.08
involves	0.41	2.28
accordingly	0.41	2.70
single	0.41	1.79
reasonably	0.41	2.35
legitimate	0.42	2.19
transportation	0.42	1.42
dealers	0.42	1.29
identify	0.42	2.48
surprising	0.42	3.28
replacing	0.42	1.73
predict	0.42	2.79
theater	0.42	1.48
improvement	0.42	1.81
safer	0.42	2.12
green	0.42	1.41
payer	0.42	1.90
method	0.42	2.11
addressed	0.42	2.81
instead	0.42	2.80
death	0.42	1.49
findings	0.42	2.32
paper	0.42	1.94
de	0.42	1.72
news	0.43	1.85
walking	0.43	1.59
suggestion	0.43	2.93
ask	0.43	3.48
lived	0.43	1.26
judging	0.43	2.48
salt	0.43	1.33
unfortunately	0.43	3.15
donated	0.43	1.48
internet	0.43	1.70
soros	0.43	1.47
npr	0.43	1.92
verify	0.43	2.12
taking	0.43	2.74
provider	0.43	1.70
critical	0.43	2.14
keeps	0.43	2.09
david	0.43	1.38
latest	0.43	2.07
followed	0.43	2.35
pays	0.43	1.68
universe	0.44	1.63
networks	0.44	1.69
image	0.44	1.77
helping	0.44	2.26
products	0.44	1.27
presenting	0.44	2.62
studies	0.44	2.37
preventing	0.44	2.11
minimum	0.44	1.35
advanced	0.44	1.83
functional	0.44	1.67
claim	0.44	3.22
depends	0.45	2.54
via	0.45	1.89
talking	0.45	3.17
network	0.45	1.69
delivery	0.45	1.69
efficient	0.45	2.07
section	0.45	2.17
study	0.45	2.24
concern	0.45	2.52
senator	0.45	1.43
customer	0.45	1.46
paycheck	0.45	1.38
adequate	0.45	1.60
foods	0.45	1.20
importance	0.45	2.14
tips	0.45	1.44
enough	0.46	2.73
statement	0.46	3.55
furthermore	0.46	3.36
solved	0.46	2.74
conclude	0.46	3.10
universal	0.46	1.72
package	0.46	1.73
militia	0.46	2.42
deliver	0.46	1.96
overcome	0.46	1.87
maintaining	0.46	1.64
associate	0.46	2.21
non	0.46	1.58
netflix	0.46	1.74
here	0.46	3.69
journalism	0.46	2.23
models	0.46	2.38
voices	0.46	1.75
properly	0.46	2.83
renewable	0.46	1.56
channel	0.47	1.67
transfer	0.47	1.35
tomorrow	0.47	2.83
nowhere	0.47	2.76
former	0.47	1.34
start	0.47	2.71
eyes	0.47	1.94
imaginary	0.47	1.55
shares	0.47	1.71
field	0.47	1.63
crops	0.47	1.35
file	0.47	1.77
labeling	0.47	1.53
msnbc	0.47	1.85
agreeing	0.47	3.46
stem	0.47	1.44
privilege	0.47	1.48
defining	0.47	2.60
faith	0.47	1.52
cnn	0.48	1.89
hired	0.48	1.54
experts	0.48	2.00
shill	0.48	1.98
disregard	0.48	2.19
animals	0.48	1.36
questioning	0.48	2.50
gold	0.48	1.50
replace	0.48	1.79
feinstein	0.48	1.43
stations	0.48	1.59
nc	0.48	2.29
boat	0.48	1.77
label	0.48	1.48
estate	0.48	1.45
tesla	0.48	1.28
university	0.48	1.59
chart	0.48	2.39
stop	0.49	2.68
instant	0.49	1.71
employee	0.49	1.43
account	0.49	1.73
smarter	0.49	2.47
full	0.49	1.54
compelling	0.49	2.08
feeding	0.49	1.49
shall	0.50	2.06
engineers	0.50	1.59
solution	0.50	2.48
silver	0.50	1.65
fields	0.50	1.46
surely	0.50	3.35
me	0.50	3.79
route	0.50	2.48
arts	0.50	1.47
stole	0.50	1.42
surprised	0.50	3.76
sustainable	0.50	1.67
stays	0.50	1.71
raw	0.51	1.38
privately	0.51	1.61
picking	0.51	2.26
story	0.51	2.19
cable	0.51	1.68
foundation	0.51	1.48
mouth	0.51	1.72
sensible	0.51	1.88
interview	0.51	1.75
uploaded	0.51	1.93
monsanto	0.51	1.42
numbers	0.51	2.54
station	0.51	1.58
suppose	0.51	3.77
players	0.51	1.50
ups	0.51	1.83
assumptions	0.51	2.97
afford	0.51	1.65
thereby	0.52	2.07
devil	0.52	1.39
analogy	0.52	2.63
bodies	0.52	1.24
st	0.52	1.40
pa	0.52	2.26
losing	0.52	1.98
ahead	0.52	3.24
shows	0.52	2.36
stats	0.52	2.47
daily	0.52	2.13
theres	0.53	2.64
merits	0.53	2.76
teams	0.53	1.50
solutions	0.53	2.22
moral	0.53	1.92
comprehension	0.53	2.43
objective	0.53	2.58
published	0.53	2.21
print	0.53	1.70
viable	0.53	1.89
pages	0.53	2.07
role	0.53	2.04
statistics	0.53	2.52
mentions	0.53	2.62
morning	0.53	2.02
supposed	0.53	3.64
kick	0.53	2.05
intent	0.53	3.00
soft	0.53	1.23
finally	0.53	2.92
ignored	0.53	2.86
review	0.53	2.15
legally	0.54	2.19
request	0.54	2.11
tactic	0.54	1.99
concerning	0.54	2.09
growth	0.54	1.50
listening	0.54	2.30
wont	0.54	3.30
mention	0.54	3.31
quick	0.54	2.35
defined	0.54	2.65
nfl	0.54	1.47
dont	0.54	3.66
equation	0.54	2.42
firearms	0.54	1.52
serving	0.54	1.63
animal	0.54	1.39
peer	0.54	2.30
older	0.55	1.34
attacking	0.55	1.87
respected	0.55	1.81
assumption	0.55	3.53
kicked	0.55	2.07
estimate	0.55	2.52
ears	0.55	1.97
superior	0.55	1.77
versus	0.55	1.64
wait	0.56	3.56
credible	0.56	2.64
reviewed	0.56	2.33
extra	0.56	1.93
professional	0.56	1.62
reasonable	0.56	1.89
debates	0.56	1.92
affordable	0.56	1.87
position	0.56	2.36
mixed	0.57	1.69
book	0.57	1.81
sample	0.57	2.28
drinking	0.57	1.57
addressing	0.57	2.51
egg	0.57	1.73
channels	0.57	1.66
showing	0.58	2.72
regard	0.58	2.09
opened	0.58	1.65
boomers	0.58	1.41
signs	0.58	1.77
male	0.58	1.33
refute	0.58	3.20
manufacturers	0.58	1.25
guess	0.58	4.16
female	0.58	1.31
delivered	0.59	2.06
predictions	0.59	2.44
opening	0.59	1.64
iirc	0.59	1.89
personally	0.59	3.42
gmos	0.59	1.56
productive	0.59	1.79
competent	0.59	1.84
item	0.59	1.42
rice	0.59	1.34
struggling	0.60	1.87
basis	0.60	1.98
succeed	0.60	2.69
treat	0.60	1.38
younger	0.60	1.33
pack	0.60	1.41
minds	0.60	2.14
useful	0.60	2.03
purpose	0.60	2.38
team	0.60	1.43
church	0.60	1.54
conclusions	0.60	2.90
farmers	0.60	1.35
parts	0.60	2.07
books	0.60	1.57
football	0.60	1.45
bedroom	0.60	1.32
garner	0.60	1.51
technical	0.60	1.94
men	0.60	1.36
actors	0.60	1.58
brothers	0.61	1.60
forget	0.61	2.83
engineering	0.61	1.49
fucking	0.61	2.77
attack	0.61	1.80
pulled	0.61	2.05
sole	0.61	1.91
fast	0.61	1.62
thought	0.61	2.79
simultaneously	0.61	2.10
conveniently	0.61	2.84
breath	0.61	1.75
stick	0.61	2.01
topics	0.61	2.37
rent	0.62	1.29
noted	0.62	2.66
distinction	0.62	3.07
dr	0.62	1.76
subject	0.62	2.28
league	0.62	1.49
important	0.62	2.21
predicted	0.62	2.31
question	0.62	3.58
species	0.63	1.51
handed	0.63	1.88
legit	0.63	2.46
available	0.63	1.99
design	0.63	1.53
coincidence	0.63	3.01
qualified	0.63	1.81
margin	0.63	2.03
presented	0.63	2.47
rather	0.63	2.67
gmo	0.63	1.42
goddamn	0.63	2.61
focusing	0.63	2.31
devices	0.64	1.63
agree	0.64	5.03
remain	0.64	2.04
offer	0.64	2.12
inside	0.64	1.57
ok	0.64	4.26
arent	0.64	2.92
hat	0.65	1.94
newspaper	0.65	1.84
household	0.65	1.55
ny	0.65	1.75
members	0.65	1.29
apartment	0.65	1.33
ball	0.65	1.66
warning	0.65	2.18
relationship	0.65	1.36
echo	0.66	1.82
heart	0.66	1.32
met	0.66	1.84
homes	0.66	1.13
doors	0.66	1.65
define	0.66	3.17
honesty	0.66	2.04
offers	0.66	2.01
cheaper	0.66	2.21
hiding	0.67	2.18
suits	0.67	1.54
disappointed	0.67	3.52
omg	0.67	2.58
houses	0.67	1.16
accurately	0.67	2.90
bringing	0.67	2.27
follow	0.67	1.92
f	0.67	2.08
fish	0.67	1.33
mail	0.67	2.09
brain	0.67	1.32
stated	0.67	3.06
stolen	0.67	1.31
respect	0.67	1.74
chamber	0.68	1.78
episode	0.68	1.57
style	0.68	1.69
lawyer	0.68	2.28
okay	0.68	4.26
cant	0.68	3.15
generous	0.68	1.58
shocked	0.68	3.60
consideration	0.69	2.20
generation	0.69	1.40
company	0.69	1.69
weird	0.69	3.39
assessment	0.70	2.66
safety	0.70	1.69
efficiency	0.70	1.69
having	0.70	2.40
english	0.70	2.49
version	0.70	1.94
email	0.70	2.13
mix	0.70	1.61
television	0.70	1.65
observation	0.70	2.96
satan	0.70	1.46
corn	0.70	1.26
priority	0.71	2.02
letters	0.71	2.08
film	0.71	1.52
genuine	0.71	2.16
caring	0.71	1.36
stage	0.71	1.46
ensure	0.71	2.00
machines	0.71	1.80
handing	0.71	2.09
property	0.71	1.67
bed	0.72	1.59
name	0.72	1.91
scientist	0.72	2.09
married	0.72	2.00
disagreement	0.72	2.93
robots	0.72	1.80
notice	0.72	3.32
engaging	0.72	1.79
sky	0.72	1.40
food	0.72	1.32
scream	0.72	2.05
relevant	0.73	2.49
discussing	0.73	2.70
dedicated	0.73	1.92
owned	0.73	1.71
concerns	0.73	2.33
ceo	0.73	1.59
fired	0.73	1.86
valid	0.74	2.36
cite	0.74	2.51
intention	0.74	2.70
regards	0.74	2.16
software	0.74	1.57
efficiently	0.74	2.58
amazon	0.74	1.70
firm	0.74	1.39
walmart	0.74	1.35
trip	0.74	1.88
hence	0.75	2.89
peaceful	0.75	1.48
laughed	0.75	2.17
offering	0.75	2.05
steal	0.76	1.52
consent	0.76	2.07
copy	0.76	2.17
visit	0.76	1.68
adults	0.76	1.37
checking	0.76	1.85
lock	0.76	1.88
store	0.76	1.35
indeed	0.76	3.37
itt	0.76	1.79
mentioned	0.76	2.86
steady	0.76	1.50
tone	0.76	2.36
alternatives	0.77	2.31
alternative	0.77	2.31
included	0.77	2.57
bars	0.77	1.36
screaming	0.77	2.02
y	0.78	2.11
detail	0.78	2.49
insults	0.78	2.13
teenagers	0.78	1.39
lets	0.78	3.06
played	0.78	1.59
sources	0.78	2.49
letter	0.78	2.15
provided	0.78	2.32
b	0.78	1.95
fresh	0.78	1.33
debts	0.79	2.00
sports	0.79	1.44
rob	0.79	1.41
finding	0.79	2.32
waiting	0.79	2.35
purchasing	0.79	1.33
cited	0.80	2.51
disagreeing	0.80	4.49
plays	0.80	1.56
honor	0.80	1.67
fixing	0.80	2.33
owner	0.80	1.83
e	0.80	2.19
final	0.81	2.33
productivity	0.81	1.60
seeing	0.81	3.37
ass	0.81	2.34
petition	0.81	2.09
bar	0.81	1.37
focus	0.81	2.29
our	0.81	3.75
interpretation	0.82	2.63
innovation	0.82	1.67
dumbass	0.82	2.30
figured	0.82	3.13
adds	0.82	1.81
yelling	0.82	2.03
unwanted	0.83	1.43
beating	0.83	1.44
keep	0.83	2.56
causation	0.83	3.38
wal-mart	0.83	1.36
pointing	0.83	2.91
citing	0.83	2.61
automated	0.84	1.75
write	0.84	2.19
path	0.84	1.78
expert	0.84	2.32
ensuring	0.84	1.81
author	0.84	2.67
mr	0.84	1.64
tech	0.84	1.46
focused	0.84	2.17
upset	0.85	3.82
suggests	0.85	3.22
crying	0.85	1.91
mcdonalds	0.85	1.37
manager	0.85	1.44
tie	0.85	1.55
strength	0.85	1.65
stayed	0.86	1.59
previous	0.86	2.43
yours	0.86	2.27
joe	0.86	1.39
convincing	0.86	2.06
piss	0.86	1.67
r	0.87	2.12
technology	0.87	1.67
wrote	0.87	2.59
politics	0.87	2.37
informed	0.87	2.22
cattle	0.87	1.56
mistaken	0.87	4.50
sure	0.87	4.33
heck	0.87	2.92
aka	0.87	1.75
genetic	0.87	1.47
users	0.87	2.07
fat	0.88	2.06
soldier	0.88	1.16
owning	0.88	1.64
language	0.88	2.91
capable	0.88	2.28
body	0.88	1.23
looking	0.88	3.30
fully	0.88	2.30
realized	0.88	2.90
unbiased	0.88	2.32
guy	0.88	2.34
balls	0.89	2.27
offered	0.89	2.21
seriously	0.89	3.58
didnt	0.89	3.07
land	0.89	1.54
sent	0.89	2.11
uniform	0.89	1.50
alive	0.90	1.65
mcdonald	0.90	1.38
youtube	0.90	1.94
elsewhere	0.90	2.72
prefer	0.90	2.72
processes	0.90	1.82
debating	0.90	3.04
replaced	0.90	2.14
retail	0.90	1.34
normal	0.90	1.70
citations	0.90	2.61
reads	0.90	2.44
reliable	0.90	2.28
suggesting	0.90	3.80
safely	0.91	2.30
k	0.91	2.03
movies	0.91	1.50
factual	0.91	2.97
bob	0.92	1.40
commonly	0.92	2.79
exact	0.92	3.20
answers	0.92	2.65
t	0.92	2.26
banned	0.92	2.28
skeptical	0.92	3.12
expecting	0.92	3.02
key	0.93	2.57
belt	0.93	1.27
proper	0.93	2.35
analysis	0.93	2.60
hot	0.93	1.46
shopping	0.93	1.38
guidelines	0.93	2.53
computer	0.93	1.66
implying	0.93	4.81
divorce	0.93	1.54
loud	0.93	2.06
while	0.93	2.60
proud	0.94	3.50
canadian	0.94	1.12
selling	0.94	1.34
whom	0.94	2.01
maintained	0.94	1.58
c	0.94	2.11
topic	0.95	2.45
automation	0.95	1.80
jack	0.95	1.62
tip	0.95	1.75
restaurant	0.95	1.42
statistical	0.95	2.85
decent	0.95	2.73
technologies	0.96	1.66
consistent	0.96	2.12
x	0.96	2.12
season	0.96	1.58
fruit	0.96	1.37
explains	0.96	2.14
terms	0.96	2.91
rock	0.96	1.42
suit	0.96	1.65
human	0.96	1.44
tom	0.97	1.37
feed	0.97	1.52
indicate	0.97	3.10
bright	0.97	1.73
indicates	0.97	3.04
apple	0.97	1.50
behalf	0.97	1.34
familiar	0.98	2.73
sold	0.98	1.34
better	0.98	3.74
carefully	0.98	2.70
cell	0.98	1.61
summaries	0.98	2.12
teacher	0.98	1.75
entertainment	0.98	1.50
online	0.99	1.96
accessible	0.99	1.77
above	0.99	2.26
note	1.00	3.22
reading	1.00	2.47
pregnancy	1.00	1.47
describing	1.00	3.13
using	1.00	2.32
sucks	1.00	3.07
porn	1.01	1.61
curious	1.01	3.30
sell	1.01	1.34
open	1.01	1.74
wear	1.01	1.53
development	1.01	1.53
connected	1.01	1.70
removal	1.02	3.67
written	1.02	2.59
sale	1.02	1.45
hidden	1.02	1.83
loophole	1.02	1.83
sit	1.03	2.14
trouble	1.03	2.89
stating	1.03	3.64
brand	1.03	1.38
ready	1.04	2.65
questions	1.04	2.68
used	1.04	2.55
logically	1.05	2.77
neighborhood	1.05	1.39
overtime	1.05	1.73
redditors	1.05	1.89
shops	1.05	1.32
tough	1.05	2.53
headline	1.05	2.84
counter	1.05	2.43
burger	1.05	1.37
interpret	1.05	2.59
assuming	1.05	4.72
stake	1.05	1.62
watch	1.05	1.84
m	1.06	3.53
families	1.06	1.61
parking	1.06	1.61
hunting	1.06	1.77
himself	1.06	1.50
appears	1.07	2.90
stone	1.07	1.73
locked	1.07	1.78
sending	1.07	2.22
items	1.07	1.33
loose	1.07	2.38
dogs	1.07	1.58
mentioning	1.07	3.38
purchase	1.08	1.47
keeping	1.08	1.77
fine	1.08	4.45
door	1.08	1.61
display	1.08	2.05
characterizing	1.09	2.37
arguing	1.09	3.71
soul	1.09	1.43
prohibited	1.09	1.70
odds	1.09	2.29
definition	1.09	3.03
watching	1.09	2.03
websites	1.10	2.23
kept	1.10	1.77
bite	1.10	2.30
recommend	1.10	2.27
star	1.11	1.44
read	1.11	2.67
thoughts	1.11	2.04
use	1.11	2.41
neutral	1.11	1.93
resort	1.11	2.36
lifestyle	1.12	1.45
submit	1.12	2.36
fortune	1.12	1.45
discussions	1.12	2.46
summary	1.12	2.42
sites	1.13	2.29
dog	1.13	1.60
laid	1.13	2.09
stores	1.13	1.33
meat	1.13	1.37
google	1.13	2.23
hopes	1.14	2.39
insult	1.14	2.15
intelligent	1.14	2.11
play	1.14	1.84
source	1.15	2.52
commercial	1.15	1.50
term	1.15	3.01
headed	1.15	1.69
grocery	1.16	1.34
recently	1.16	2.29
yesterday	1.16	2.38
pop	1.16	1.32
blog	1.16	2.48
movie	1.16	1.50
buddies	1.16	1.39
partner	1.17	1.70
conclusion	1.17	2.87
quoted	1.17	2.94
confusion	1.18	2.94
following	1.18	2.88
dick	1.18	2.26
content	1.18	2.60
facebook	1.18	2.27
web	1.18	2.24
advertising	1.19	1.53
rant	1.19	2.16
playing	1.19	1.82
co	1.19	2.15
screen	1.19	1.74
fetus	1.20	1.30
submission	1.20	3.08
genuinely	1.21	2.96
winter	1.21	1.61
quoting	1.21	2.68
eating	1.21	1.40
lunch	1.21	1.43
intellectual	1.21	1.92
senior	1.21	1.28
choice	1.21	3.81
pray	1.21	1.68
cars	1.21	1.43
opponent	1.22	1.63
shop	1.22	1.33
pants	1.22	1.81
refers	1.22	3.11
respond	1.22	2.80
worship	1.22	1.52
boys	1.22	1.64
headlines	1.22	2.66
luckily	1.23	2.77
fuck	1.23	2.85
ads	1.23	1.55
named	1.23	1.49
bought	1.23	1.47
initially	1.24	2.63
domain	1.24	2.78
graduated	1.24	1.64
man	1.24	1.73
circle	1.24	2.19
removed	1.24	3.05
isnt	1.24	2.88
living	1.24	1.56
honest	1.24	2.25
imply	1.25	3.90
describe	1.25	3.23
sleep	1.25	1.84
art	1.25	1.34
submitted	1.25	2.66
coffee	1.26	1.46
discussion	1.26	2.39
way	1.26	3.91
tv	1.27	1.68
articles	1.27	2.58
great	1.27	2.01
game	1.27	1.76
raped	1.27	1.73
shills	1.27	2.14
chain	1.28	1.38
writing	1.28	2.46
summer	1.28	1.84
transaction	1.29	1.72
stay	1.29	2.15
website	1.29	2.47
sells	1.30	1.50
participating	1.30	1.99
wikipedia	1.30	2.61
greatest	1.30	3.34
advice	1.30	2.31
farm	1.30	1.37
character	1.30	1.89
discount	1.31	1.34
suck	1.31	2.80
closed	1.31	1.71
button	1.31	2.37
passage	1.32	1.71
checks	1.32	1.78
debate	1.32	2.52
adult	1.32	1.53
text	1.32	2.46
discourse	1.33	2.16
originally	1.33	3.01
registry	1.33	1.72
wiki	1.33	2.76
linked	1.33	2.68
strategy	1.33	1.41
wearing	1.34	1.66
healthy	1.34	1.59
busy	1.34	2.45
title	1.34	2.82
loving	1.34	2.58
definitions	1.35	3.10
forgetting	1.35	3.21
reasoning	1.35	2.50
paragraph	1.35	2.67
site	1.36	2.55
confirmation	1.36	1.77
old	1.36	1.61
usage	1.36	2.54
background	1.36	1.79
conversation	1.37	2.37
got	1.37	2.70
funny	1.38	3.59
anyways	1.38	3.36
dealer	1.38	1.58
krugman	1.38	1.68
owns	1.38	3.70
apparently	1.39	3.23
cells	1.39	1.30
raised	1.39	1.71
proving	1.39	2.87
day	1.39	2.31
jokes	1.40	2.68
send	1.41	2.51
page	1.41	2.62
secure	1.41	1.84
interpreted	1.41	3.18
babies	1.41	1.62
link	1.41	2.68
sunday	1.42	1.94
links	1.42	2.62
kids	1.42	1.76
check	1.42	1.85
swear	1.42	1.86
info	1.42	2.12
article	1.42	2.73
meh	1.42	2.85
rehosted	1.43	2.81
submitting	1.43	2.61
precious	1.43	1.43
quote	1.43	2.98
games	1.44	1.79
sin	1.44	1.45
spirit	1.44	1.58
beer	1.45	1.41
girls	1.45	1.63
night	1.45	1.86
noting	1.46	3.43
sake	1.46	1.75
guessing	1.46	3.62
rolling	1.47	1.98
computers	1.47	1.58
phones	1.47	1.69
forbid	1.47	2.16
stable	1.47	1.57
off-topic	1.47	2.79
refer	1.48	3.22
rational	1.48	2.09
sales	1.49	1.64
made	1.49	3.94
successful	1.50	1.85
click	1.50	2.67
whats	1.50	3.20
option	1.50	3.91
thats	1.51	3.18
implies	1.51	3.62
irony	1.52	3.34
p	1.52	2.57
forum	1.52	2.51
vacation	1.53	2.02
user	1.53	2.77
mountain	1.54	1.37
explaining	1.54	2.68
boss	1.55	2.19
sam	1.55	1.39
please	1.56	2.92
logic	1.56	2.46
pizza	1.57	1.38
quotes	1.57	2.94
resubmit	1.57	2.81
restaurants	1.57	1.40
citation	1.57	2.84
tl	1.58	2.53
retired	1.58	1.85
hilarious	1.58	3.49
elaborate	1.58	3.35
staying	1.59	1.93
buying	1.59	1.50
drink	1.59	1.42
earlier	1.59	2.84
add	1.59	2.77
buy	1.60	1.48
vision	1.60	1.69
pr	1.60	1.66
n	1.60	2.49
solid	1.61	1.86
mark	1.61	1.91
submissions	1.61	2.73
meaning	1.62	3.32
clothing	1.62	1.71
youre	1.62	3.05
circlejerk	1.62	2.27
phrase	1.62	3.21
wise	1.62	2.23
interesting	1.62	2.74
purchases	1.63	1.71
na	1.64	3.14
careful	1.64	2.50
message	1.65	3.08
sub	1.65	2.45
weekend	1.66	2.07
joking	1.67	3.11
sidebar	1.67	2.75
latter	1.67	3.99
posted	1.67	2.74
posting	1.67	2.71
r/politics	1.67	2.49
children	1.68	2.01
response	1.68	2.50
perfect	1.69	2.50
she	1.69	2.08
afraid	1.69	3.34
whose	1.70	1.96
reddit	1.70	2.49
context	1.70	3.18
angry	1.70	3.32
u	1.70	2.57
trolling	1.70	2.76
subreddits	1.70	2.62
upvotes	1.70	2.47
wan	1.70	3.02
mothers	1.71	1.98
appeal	1.71	2.24
gates	1.71	3.40
words	1.71	3.20
clear	1.72	3.66
o	1.73	2.61
scared	1.73	3.27
em	1.73	2.98
purchased	1.74	1.54
answered	1.74	3.13
parks	1.75	1.44
hypocrisy	1.75	2.61
music	1.75	1.52
responses	1.75	2.39
pissed	1.75	3.46
mods	1.76	2.70
technically	1.76	4.00
master	1.77	1.51
subreddit	1.77	2.56
engineer	1.77	1.70
clothes	1.78	1.77
nope	1.78	3.13
explanation	1.78	2.44
initial	1.78	3.34
im	1.79	3.16
woman	1.79	1.88
milk	1.80	1.28
threads	1.80	2.57
cute	1.81	3.46
joke	1.81	3.60
guys	1.81	3.06
commenting	1.81	2.96
helpful	1.81	1.95
confirm	1.82	2.12
dream	1.82	1.83
on-topic	1.82	2.46
writer	1.83	1.98
marketing	1.83	1.52
gon	1.84	3.05
upvoted	1.84	2.56
preferred	1.84	3.46
offended	1.85	3.36
hmm	1.85	3.11
freaking	1.85	3.29
posts	1.85	2.67
tree	1.86	1.46
karma	1.86	2.53
holy	1.86	2.79
dinner	1.87	1.66
convinced	1.87	3.45
eat	1.88	1.36
famous	1.88	1.31
downvotes	1.88	2.41
misunderstanding	1.89	4.04
dunno	1.89	3.05
confusing	1.89	3.82
sincerely	1.89	2.68
impression	1.89	4.03
park	1.90	1.49
baby	1.90	1.98
lt	1.90	2.68
born	1.90	2.08
argument	1.91	2.73
grew	1.91	2.12
yeah	1.91	3.14
original	1.91	3.00
luxury	1.94	1.61
king	1.94	1.31
added	1.95	2.98
downvoted	1.96	2.66
post	1.96	2.82
concerned	1.96	3.43
gee	1.97	3.04
input	1.97	2.19
responded	1.97	3.14
mad	1.97	2.88
worried	1.98	3.65
moderators	1.98	3.06
duh	1.98	2.75
huh	1.98	3.09
yup	1.99	2.99
pregnant	2.00	2.12
downvote	2.00	2.62
troll	2.00	2.71
herself	2.01	1.78
oh	2.01	3.13
home	2.01	1.76
hey	2.01	3.11
confident	2.02	3.62
looks	2.02	2.73
comments	2.03	2.68
am	2.04	3.57
ai	2.04	2.96
peers	2.04	1.61
correctly	2.04	4.11
currently	2.05	3.20
eh	2.06	3.03
um	2.06	3.06
thread	2.06	2.72
yea	2.06	3.08
aware	2.06	3.54
implication	2.07	4.17
wondering	2.07	3.53
uh	2.07	3.09
arguments	2.08	2.55
bible	2.08	1.61
sentence	2.08	3.24
ftfy	2.09	2.86
ya	2.09	3.01
slippery	2.10	2.64
ta	2.10	2.95
wording	2.12	3.51
his	2.12	2.17
boy	2.13	2.22
excited	2.13	3.64
literal	2.13	2.30
kid	2.13	2.09
sharing	2.14	1.52
bet	2.14	3.61
assure	2.15	3.59
slope	2.15	2.62
emphasis	2.16	3.11
missing	2.16	3.92
davis	2.17	1.55
died	2.17	3.68
reference	2.17	2.66
telling	2.18	3.41
assumed	2.18	4.08
myself	2.19	3.17
child	2.19	2.18
referring	2.20	4.07
lol	2.20	3.04
answering	2.20	2.81
alright	2.20	3.06
knowing	2.21	3.31
ha	2.22	2.97
dead	2.22	3.48
accurate	2.22	3.77
deleted	2.22	2.90
sigh	2.23	2.74
nah	2.25	3.01
damn	2.25	2.99
sarcastic	2.26	2.69
mistakes	2.27	3.88
op	2.27	3.07
comment	2.27	2.89
favorite	2.28	1.43
haha	2.28	2.97
reminds	2.31	2.27
asking	2.32	3.37
semantics	2.32	3.97
speaking	2.34	3.49
buddy	2.34	2.95
meant	2.35	4.03
poster	2.35	2.91
mobile	2.35	2.97
fyi	2.35	2.92
sarcasm	2.36	2.90
smart	2.37	2.06
congratulations	2.37	2.36
insight	2.37	1.98
replied	2.37	3.28
inclined	2.38	3.44
golden	2.38	1.23
calm	2.43	2.17
responding	2.44	2.99
girl	2.44	2.08
upvote	2.45	2.56
implied	2.45	4.16
bro	2.46	2.95
ol	2.46	2.41
wow	2.46	3.37
dissonance	2.47	2.59
hi	2.47	2.86
parent	2.47	2.47
username	2.48	2.71
interested	2.48	3.04
til	2.49	2.87
cake	2.52	2.57
cognitive	2.53	2.61
word	2.54	4.05
laugh	2.55	3.00
appreciate	2.55	2.07
mistake	2.57	3.78
hero	2.57	2.26
forgot	2.57	2.90
glad	2.65	3.17
mine	2.67	1.97
hoping	2.67	3.38
fun	2.68	2.91
chicken	2.69	1.47
parents	2.69	2.59
replying	2.71	3.09
her	2.71	2.43
brave	2.72	1.72
fixed	2.74	3.69
bread	2.75	1.35
clarify	2.75	3.98
equivalency	2.76	3.07
strawman	2.76	3.15
lady	2.79	1.97
mother	2.80	2.58
thanks	2.81	2.52
reply	2.82	2.74
miss	2.83	2.86
yep	2.84	3.06
neighbors	2.88	2.17
missed	2.89	3.48
daughter	2.91	2.59
clever	2.93	2.67
technological	2.93	2.69
cry	2.97	2.23
genius	2.97	2.60
sorry	2.98	3.52
error	2.99	3.90
sir	3.01	2.26
kidding	3.02	3.06
apologize	3.03	3.59
wtf	3.04	3.06
son	3.04	2.78
husband	3.07	2.73
ex	3.07	2.72
corrected	3.09	3.78
grammar	3.10	3.84
welcome	3.11	2.27
fallacy	3.12	3.08
my	3.12	2.66
dude	3.13	3.01
wife	3.13	2.77
friend	3.14	2.46
mom	3.14	2.67
god	3.20	2.26
yay	3.24	2.81
beautiful	3.25	1.89
edited	3.25	3.76
hominem	3.27	3.01
straw	3.33	3.23
luck	3.34	2.76
incredible	3.36	2.25
jesus	3.37	2.20
logical	3.40	2.99
ah	3.42	2.72
gift	3.43	1.36
father	3.44	3.39
edit	3.44	3.54
classic	3.46	2.53
neighbor	3.47	3.31
family	3.48	3.39
holiday	3.49	3.42
ad	3.50	3.03
forgive	3.50	3.16
safe	3.51	2.98
dad	3.57	3.32
uncle	3.63	3.09
christ	3.65	2.13
btw	3.68	2.78
brother	3.70	3.09
spot	3.71	2.31
shoes	3.73	2.93
comfortable	3.79	2.81
friendly	3.79	1.96
friends	3.85	2.97
taste	3.85	2.03
lucky	3.86	2.76
lord	3.90	2.01
excellent	3.91	1.78
cool	3.91	2.74
christmas	4.11	2.61
unique	4.12	2.10
enjoy	4.19	1.99
thank	4.19	2.15
dear	4.21	1.93
fancy	4.29	2.79
brilliant	4.47	1.77
fellow	4.73	1.96
quiet	4.76	2.54
sweet	5.11	1.69
wonderful	5.28	1.01
